,roi_name,roi_colour,  no_roi_pixels,  roi_size[um^2], Dead_Time-mean[%], Dead_Time-median,  Dead_Time-max,  Dead_Time-min,  Dead_Time-total,  Dead_Time-total_content,  Dead_Time-stddev, Dead_Time-stddev_radius2,  abs_ic-mean[], abs_ic-median,  abs_ic-max,  abs_ic-min,  abs_ic-total,  abs_ic-total_content,  abs_ic-stddev, abs_ic-stddev_radius2,  P-mean[ug/cm2], P-median,  P-max,  P-min,  P-total,  P-total_content,  P-stddev, P-stddev_radius2,  S-mean[ug/cm2], S-median,  S-max,  S-min,  S-total,  S-total_content,  S-stddev, S-stddev_radius2,  Cl-mean[ug/cm2], Cl-median,  Cl-max,  Cl-min,  Cl-total,  Cl-total_content,  Cl-stddev, Cl-stddev_radius2,K-mean[ug/cm2], K-median,  K-max,  K-min,  K-total,  K-total_content,  K-stddev, K-stddev_radius2,  Ca-mean[ug/cm2], Ca-median,  Ca-max,  Ca-min,  Ca-total,  Ca-total_content,  Ca-stddev, Ca-stddev_radius2,  Mn-mean[ug/cm2], Mn-median,  Mn-max,  Mn-min,  Mn-total,  Mn-total_content,  Mn-stddev, Mn-stddev_radius2,  Fe-mean[ug/cm2], Fe-median,  Fe-max,  Fe-min,  Fe-total,  Fe-total_content,  Fe-stddev, Fe-stddev_radius2,  Cu-mean[ug/cm2], Cu-median,  Cu-max,  Cu-min,  Cu-total,  Cu-total_content,  Cu-stddev, Cu-stddev_radius2,  Zn-mean[ug/cm2], Zn-median,  Zn-max,  Zn-min,  Zn-total,  Zn-total_content,  Zn-stddev, Zn-stddev_radius2,  Se-mean[ug/cm2], Se-median,  Se-max,  Se-min,  Se-total,  Se-total_content,  Se-stddev, Se-stddev_radius2,  Br-mean[ug/cm2], Br-median,  Br-max,  Br-min,  Br-total,  Br-total_content,  Br-stddev, Br-stddev_radius2,Pb_L-mean[ug/cm2], Pb_L-median,  Pb_L-max,  Pb_L-min,  Pb_L-total,  Pb_L-total_content,  Pb_L-stddev, Pb_L-stddev_radius2,Unnamed: 116,Unnamed: 117,sample_num
0, rois\0003-1.roi.h500, (red),759,189750.0,2.3181074,2.1216333,12.407101,-1.4784932,1759.4437,4398608.7,2.1713382,2.1124165,0.76686192,0.76691169,0.7930283,0.73779529,582.04797,1455120.5,0.007884134,0.007714586,0.42711184,0.19499885,2.9180324,2.82e-09,324.1781,810444.71,0.52248049,0.48127545,1.4278006,1.3217984,4.4705324,0.007956735,1083.7006,2709251.7,0.7911997,0.7642414,0.46599134,0.43208739,1.7845912,0.00099908,353.68729,884218.57,0.365811,0.348971,0.051022351,0.011012281,0.63094223,2.03e-07,38.725964,96814.911,0.077113951,0.069066491,1.6434799,1.6251825,3.402101,0.57489681,1247.401,3118503.0,0.43525952,0.42708075,0.034579285,0.030445959,0.16940683,1.09e-07,26.245663,65614.194,0.030592085,0.028482051,0.34059414,0.33925876,0.677486,0.10018755,258.51093,646277.37,0.09697847,0.093368336,0.21533598,0.21264388,0.40277117,0.0456159,163.44009,408600.02,0.059734416,0.058155415,0.013989139,0.012771137,0.068192258,5.45e-09,10.617754,26544.392,0.012933268,0.012373854,0.006354348,0.00416667,0.030822389,8.76e-09,4.8229513,12057.375,0.006218505,0.005740452,0.005151345,0.00262523,0.038714468,1.27e-08,3.9098685,9774.6769,0.006319513,0.005832097,0.90368716,0.88894141,1.5662462,0.46209645,685.89838,1714746.4,0.20196427,0.19823129,, ,0003
1, rois\0004-2.roi.h500, (red),117,2925.01,5.2516972,3.4439743,19.061619,-2.3156524,614.44849,153612.58,4.2300113,3.9834325,0.72437564,0.72421688,0.74664682,0.70443743,84.751923,21188.048,0.00782205,0.007873446,0.25586467,0.071009569,1.5177854,6.38e-10,29.936167,7484.0628,0.38581475,0.34887972,0.10249936,0.017341444,1.1176007,0.002372749,11.992424,2998.1147,0.21991126,0.16199955,0.19837322,0.02841494,1.0187018,0.001909123,23.209669,5802.4331,0.25399822,0.24696699,0.074419425,0.004051118,1.1390424,0.000178145,8.7070732,2176.7744,0.17114654,0.081245695,0.016429401,0.002741327,0.14994283,0.000528365,1.9222399,480.56134,0.03558641,0.02629483,0.012274171,0.003058253,0.077667609,1.22e-07,1.4360783,359.02053,0.018948,0.016779179,0.065345298,0.059946179,0.20406501,0.000158306,7.6454015,1911.3554,0.047286072,0.045869368,0.047343021,0.047881812,0.12669535,0.00010201,5.539135,1384.7873,0.028781488,0.026606868,0.013543639,0.013505685,0.049856246,5e-05,1.5846057,396.15256,0.011935329,0.01152231,0.004770816,0.002606374,0.027359098,5.93e-09,0.55818534,139.54677,0.005834561,0.005277894,0.00484825,0.002233064,0.023558727,5.92e-13,0.5672453,141.81171,0.005864695,0.005493625,0.026502489,0.02224504,0.08703731,9.21e-07,3.1007915,775.2,0.022156844,0.021835707,,,0004
3, rois\0007-4.roi.h500, (red),148,3699.99,4.4259772,2.944243,22.198523,-0.41524172,655.04486,163760.84,3.2692228,3.1280314,0.7219357,0.7211464,0.74004507,0.70121455,106.84651,26711.57,0.006537869,0.006352919,0.2094959,0.072427407,1.7547377,3.47e-06,31.005402,7751.3334,0.31803699,0.27194983,0.063950138,0.017368849,0.68748611,0.002357136,9.4646206,2366.1506,0.12907393,0.098013547,0.20819492,0.056109563,1.8569248,0.003608451,30.812843,7703.1974,0.26873337,0.24540504,0.026831013,0.003912947,0.37036449,8.25e-05,3.970989,992.74559,0.062487026,0.042600251,0.009416782,0.002638575,0.14491694,1.42e-05,1.3936832,348.42027,0.025494838,0.014801735,0.012218706,0.002013499,0.093897261,1.82e-07,1.8083687,452.09125,0.019505119,0.016875677,0.051050639,0.044977721,0.20020689,0.000123806,7.5554938,1888.87,0.034932755,0.034312901,0.04575525,0.041771077,0.15143663,0.000180064,6.7717776,1692.941,0.029223795,0.028302286,0.012878388,0.012976388,0.059670158,4.8e-05,1.9060017,476.49946,0.011912559,0.011266758,0.005963555,0.003634227,0.050216768,1.36e-08,0.88260627,220.65109,0.007153456,0.006400918,0.003995758,0.001511273,0.025593078,3.08e-10,0.59137219,147.84275,0.005428225,0.004964848,0.02378521,0.01868543,0.097193874,1.24e-08,3.5202115,880.05107,0.021314269,0.019872667,,,0007
7, rois\0008-4.roi.h500, (red),687,17175.0,1.8081362,0.19142628,16.322458,-4.3679595,1242.1888,310546.68,3.1014032,2.9517493,0.72181989,0.72137713,0.74656492,0.69641364,495.89053,123972.28,0.007700705,0.007652498,0.31489479,0.12847227,2.6407614,6.79e-09,216.33263,54083.057,0.41969375,0.38470783,0.058530324,0.016095407,0.88448709,0.000985151,40.210358,10052.56,0.13596001,0.096170624,0.28013795,0.12559697,1.6140935,0.000993021,192.45477,48113.583,0.32511638,0.3065243,0.013124473,0.003856275,0.23251551,0.000318629,9.0165081,2254.1231,0.035209825,0.022692514,0.011390879,0.002964356,0.28444874,0.000322253,7.8255405,1956.3789,0.030875783,0.01971718,0.012845965,0.002776379,0.10706449,1.96e-06,8.8251772,2206.2896,0.01982792,0.018496609,0.05451441,0.048324078,0.24946284,8.41e-05,37.451401,9362.8286,0.040921283,0.038627693,0.044216033,0.041437171,0.15181689,9.53e-05,30.376394,7594.0864,0.027572557,0.026231483,0.012790228,0.009880798,0.077780858,2.25e-06,8.7868853,2196.7167,0.01318594,0.012519762,0.005108727,0.002697172,0.045604941,8.87e-09,3.5096929,877.42178,0.006057608,0.005547391,0.004455731,0.002164471,0.035727531,1.48e-11,3.0610881,765.27007,0.005603202,0.005095093,0.02363468,0.019004982,0.16617474,4.03e-09,16.237017,4059.2471,0.021483942,0.019942375,,,0008
11, rois\0009-2.roi.h500, (red),787,787.004,3.6565311,1.6702354,23.445965,-4.4527292,2877.6885,28777.041,3.8863084,3.6795748,0.72457066,0.72458273,0.7620104,0.69718874,570.23724,5702.399,0.00810628,0.007905535,0.24251703,0.077530622,2.7989566,9.4e-08,190.86087,1908.6184,0.37712812,0.32894144,0.053028679,0.015281464,0.80282593,0.000637631,41.733551,417.33774,0.12626548,0.089910521,0.19081842,0.028991198,1.3839926,0.001462439,150.17415,1501.7483,0.25034297,0.23682523,0.019169984,0.003524237,0.45194501,4.31e-05,15.086779,150.86851,0.051568744,0.033199698,0.012318333,0.002724629,0.23607123,0.000231684,9.6945305,96.945756,0.031194277,0.022138536,0.014530195,0.003083561,0.15183055,9.29e-08,11.435264,114.3532,0.021284969,0.019387394,0.05760215,0.051216565,0.20855279,0.000112651,45.332924,453.33114,0.041081695,0.039647471,0.047895304,0.044429731,0.16432573,0.00018657,37.693607,376.93788,0.029410923,0.027967092,0.013722262,0.011129046,0.066490047,8.83e-09,10.799417,107.99473,0.013926915,0.013200163,0.00499975,0.002550638,0.034527738,9.7e-11,3.9348018,39.348227,0.005939605,0.005576368,0.004726606,0.002228494,0.031382419,2.41e-12,3.7198374,37.198569,0.005926734,0.005501195,0.023529297,0.018660977,0.15457444,7.08e-12,18.517559,185.17647,0.021992012,0.020231008,,,0009
13, rois\0010-4.roi.h500, (red),266,266.001,3.582319,2.0067632,14.298349,1.3281941,952.89661,9529.0111,2.8923988,2.735745,0.72439374,0.72431636,0.74574959,0.70849746,192.68874,1926.896,0.007152071,0.007067139,0.32120021,0.13149919,2.04549,1.76e-06,85.439255,854.39637,0.42126046,0.37887397,0.11961585,0.020210033,1.4448292,0.001747691,31.817823,318.17958,0.24000977,0.20353887,0.29690331,0.16982079,1.7500892,0.001544832,78.97628,789.76634,0.34301934,0.30813686,0.12777183,0.009517843,1.9193881,2.85e-05,33.987301,339.87459,0.22777316,0.14269398,0.026681783,0.003001785,0.32463396,4.95e-05,7.0973549,70.97386,0.055022776,0.041083026,0.013370633,0.003026221,0.080194712,2.09e-06,3.5565882,35.566042,0.018427102,0.017414753,0.065867862,0.059830602,0.77621657,0.00018585,17.520845,175.2093,0.061269908,0.04355606,0.046476208,0.044052988,0.1538156,0.000123387,12.362676,123.62727,0.029653089,0.028403188,0.014087644,0.011150083,0.057493437,9.83e-06,3.7473147,37.4733,0.01351537,0.013127374,0.005266332,0.002583353,0.034070898,4.03e-08,1.4008447,14.008505,0.006214934,0.005777756,0.00459864,0.002356801,0.033357967,3.5e-14,1.2232381,12.232436,0.005662075,0.005286771,0.025213006,0.020173887,0.12907319,4.48e-07,6.7066607,67.066895,0.02197704,0.019571462,,,0010
17, rois\0011-4.roi.h500, (red),167,167.001,1.9031298,0.2048552,15.710258,0.041568279,317.82263,3178.2375,3.207886,2.9342028,0.72604147,0.72523963,0.74676806,0.70162606,121.24892,1212.4933,0.007637321,0.007520346,0.31708911,0.11521538,1.755798,4.05e-05,52.953876,529.54061,0.42508358,0.3882851,0.13862174,0.021761693,2.5639038,0.001484438,23.14983,231.49909,0.28647303,0.20869831,0.2189883,0.03116806,1.3213755,0.001364427,36.571045,365.7117,0.29816002,0.27484433,0.29953831,0.20648187,1.6234028,2.35e-05,50.022892,500.23066,0.30242889,0.19343694,0.084198062,0.019744279,1.0794994,4.29e-06,14.061075,140.61124,0.13677905,0.086402717,0.015877026,0.004666094,0.11605213,1.57e-07,2.651463,26.514724,0.021093784,0.018156608,0.19656896,0.12519687,5.5396881,0.004252335,32.827015,328.27127,0.51367881,0.13691782,0.048223113,0.042765122,0.14884743,6.08e-05,8.0532637,80.532871,0.029103605,0.028546371,0.015962098,0.014306136,0.057283137,3.64e-06,2.6656709,26.656794,0.014210836,0.013684419,0.00520811,0.002774113,0.02774832,9.45e-09,0.86975425,8.6975733,0.006337001,0.005592986,0.005413792,0.002507493,0.035103206,2.24e-09,0.90410334,9.0410631,0.006333647,0.005703564,0.087965002,0.046948083,2.8776736,2.72e-07,14.690152,146.90205,0.23159044,0.073704575,,,0011
21, rois\0012-1.roi.h500, (red),3431,308.789,12.596888,12.522453,20.857096,4.1576805,43219.938,38897.859,2.1470293,1.8704709,0.72562343,0.72550488,0.75659579,0.69465023,2489.6116,2240.6484,0.007885643,0.007562212,38.596424,37.993797,73.356209,17.657679,132424.23,119181.68,7.7972816,6.4075883,24.310738,23.928169,45.194618,9.2280302,83410.148,75068.99,5.1385825,4.0346553,2.460693,2.3830142,8.338273,0.050894421,8442.6211,7598.3599,1.0140533,0.96750614,96.341169,96.487396,133.44202,64.520645,330547.19,297491.35,11.742154,6.0390338,4.6448671,4.4996881,11.826492,0.27108228,15936.526,14342.859,1.5056486,1.1545696,0.15806293,0.15006921,0.52477014,7.030000000000001e-21,542.3139,488.08161,0.081778211,0.078074553,0.37639333,0.36314046,1.1329906,0.039778471,1291.4045,1162.2628,0.13898205,0.11834959,0.27158848,0.26406756,0.61352867,0.04255094,931.81964,838.6365,0.081396848,0.075322891,0.66771274,0.65454519,1.6849605,0.2397888,2290.9226,2061.8264,0.15981288,0.12359753,0.010020485,0.007434927,0.062890455,5.1399999999999994e-30,34.380272,30.942198,0.009919691,0.009385126,0.1984228,0.19579497,0.41834986,0.043774121,680.78864,612.70864,0.056404392,0.050748764,0.03614194,0.027264938,0.27082175,7.39e-32,124.00303,111.60249,0.036590634,0.034849138,,,0012
22, rois\0013-4.roi.h500, (red),53,4.76986,12.738519,12.484056,26.945019,2.3583055,675.14148,607.6101,4.9715786,3.977611,0.72888485,0.72853827,0.75356579,0.71127331,38.630898,34.76682,0.00775108,0.007384373,4.5911745,4.3580461,14.149023,0.92200053,243.33226,218.99281,2.2192985,1.9950278,7.1258228,5.9515333,18.613707,0.711963,377.66861,339.8921,3.8501454,2.7949247,1.1962611,1.0704492,4.1837749,0.049740691,63.40184,57.060032,0.84513196,0.73484661,23.851386,24.115202,28.438736,17.889942,1264.1234,1137.6788,2.5897326,2.4298979,7.3457818,7.2237477,9.5864687,4.2218838,389.32639,350.38384,1.1166795,1.0220626,0.25980221,0.24951193,0.6746912,0.053586531,13.76952,12.392214,0.12394073,0.12007826,8.0202019,7.713089,12.498644,3.1855145,425.07077,382.55277,2.1043489,1.6893174,0.1489562,0.15192574,0.29854602,0.059922688,7.8946791,7.105009,0.04663592,0.044291311,0.44123814,0.44717169,0.60882998,0.21148354,23.385626,21.046462,0.083582604,0.082359868,0.011122093,0.009101528,0.03934006,2.7e-07,0.58947092,0.53050876,0.010150217,0.009014608,0.056998805,0.052370932,0.13061179,0.006166952,3.020937,2.7187658,0.027210918,0.02497279,4.6980031,2.0109804,26.278049,0.49479395,248.99419,224.08839,5.8149271,3.555304,,,0013
26, rois\0014-4.roi.h500, (red),172,15.4798,12.439927,11.364049,29.153902,3.5161495,2139.667,1925.675,5.460807,3.1412925,0.73186748,0.73174733,0.75230199,0.7140221,125.88123,113.29158,0.007912397,0.007931879,6.5861506,6.1715908,15.619178,0.91568166,1132.8177,1019.5225,2.8186667,2.6294181,10.456279,10.076222,19.103426,3.144974,1798.4801,1618.6103,2.8725904,2.7259572,1.7216037,1.5743542,4.374332,0.029159501,296.11581,266.5007,0.93533375,0.8865144,41.677139,41.301571,53.577843,31.529205,7168.4688,6451.5351,3.8959768,3.300366,4.9456376,4.8522687,8.3376923,2.4787924,850.64948,765.57449,1.2016124,1.0373278,0.20189025,0.19338189,0.45292327,0.000348858,34.725128,31.252193,0.098935577,0.095111254,8.0178478,5.522069,31.964911,0.71809036,1379.0698,1241.1463,7.0975409,2.7391868,0.14657312,0.14012904,0.31838498,0.001349008,25.210571,22.689216,0.061485297,0.056857406,0.26731898,0.26282144,0.62539816,0.098115489,45.978874,41.380426,0.09368524,0.075769953,0.009506903,0.006789308,0.044047754,2.26e-13,1.6351868,1.471649,0.009642874,0.009418231,0.12576181,0.12387836,0.24114443,0.039184663,21.631027,19.467668,0.042638646,0.041098932,0.94386243,0.64512342,3.9064264,0.005450383,162.34435,146.10796,0.88810164,0.39777266,,,0014
30, rois\0016-3.roi.h500, (red),79,1974.99,2.5221995,0.90370774,10.815597,0.050699711,199.25377,49813.305,3.0619044,2.9369436,0.72322312,0.722449,0.7432217,0.70435512,57.134621,14283.618,0.007319609,0.007073772,0.37693248,0.15611921,2.835454,8.81e-06,29.77767,7444.3962,0.50913335,0.43826026,0.083769957,0.022975726,0.76842642,0.001897087,6.6178265,1654.4521,0.17526641,0.13256151,0.35913727,0.17526394,1.7820462,0.003411543,28.371845,7092.9417,0.41386149,0.38921562,0.02203228,0.004709438,0.36779773,0.000260258,1.7405503,435.13634,0.058840447,0.036520497,0.013471415,0.003340128,0.15480657,0.000150285,1.0642419,266.05972,0.03182879,0.023944453,0.019579427,0.003346661,0.1121043,5.34e-07,1.5467747,386.69263,0.02496509,0.022986467,0.054178453,0.046767242,0.16349253,0.000434636,4.280098,1070.0215,0.037687016,0.033241335,0.044604694,0.045264527,0.12157907,6.83e-05,3.523771,880.94032,0.028621812,0.028090866,0.013910043,0.013986316,0.047654912,9.21e-07,1.0988933,274.72259,0.011710595,0.011405479,0.005966671,0.003501299,0.02648134,5.91e-09,0.471367,117.84143,0.006662517,0.00632866,0.004189769,0.002328763,0.03310651,5.21e-09,0.33099169,82.747715,0.005492833,0.004822461,0.026733002,0.018191149,0.12501259,2.28e-06,2.1119072,527.97536,0.02691192,0.024802959,,,0016
33, rois\0017-3.roi.h500, (red),46,1150.0,5.4788663,4.8385086,21.297514,0.057274103,252.02786,63007.217,5.3382177,3.5373091,0.72495997,0.72503328,0.7418586,0.70617288,33.348167,8337.0733,0.007706848,0.007665656,0.35367797,0.15815012,1.8371077,0.000162472,16.269188,4067.3131,0.43466366,0.39460934,0.12507305,0.019875873,1.4553581,0.004682831,5.7533607,1438.3458,0.30080131,0.17630791,0.20291552,0.023237256,0.9442119,0.001472535,9.3341131,2333.5379,0.29062262,0.24612183,0.014886284,0.005061705,0.19904445,0.001323583,0.68476903,171.19295,0.034893249,0.020011993,0.009749208,0.003773857,0.15290926,0.001100512,0.44846356,112.11635,0.023548897,0.014649093,0.015497303,0.004454991,0.08588028,0.00018168,0.71287602,178.2197,0.020560654,0.018070672,0.063125023,0.058210023,0.19078292,0.000343761,2.9037511,725.94069,0.041550696,0.039233029,0.047655623,0.048041046,0.14037944,0.001214458,2.1921587,548.04188,0.025696532,0.0241786,0.013834102,0.010416393,0.042561546,3.69e-05,0.63636851,159.09281,0.01244297,0.011752428,0.003032797,0.001340271,0.018910693,7.7e-08,0.13950863,34.877302,0.004335632,0.003902415,0.00385517,0.002293278,0.031530481,8.14e-09,0.17733783,44.33463,0.005501427,0.00439348,0.088145453,0.018360149,1.2796253,4.83e-09,4.0546908,1013.6768,0.21317123,0.097086261,,,0017
36, rois\0018-2.roi.h500, (red),478,11950.0,2.1215149,0.17746091,21.5303,-4.7122359,1014.0835,253520.78,3.786329,3.5004245,0.72935184,0.72928625,0.75178999,0.70694089,348.63043,87157.459,0.007545579,0.007460558,0.21667159,0.044553597,2.681936,4.92e-07,103.56903,25892.23,0.37313195,0.32120397,0.10871866,0.017169166,2.1592939,0.000657678,51.967529,12991.867,0.24989303,0.17547941,0.18316999,0.023246136,1.4460889,0.001282977,87.555252,21888.792,0.26217162,0.24527338,0.059664775,0.004326682,1.1704203,0.000206612,28.519743,7129.9336,0.13904976,0.059992547,0.055055194,0.00368317,0.87008339,0.000125732,26.316374,6579.0892,0.11672699,0.068592787,0.016666462,0.003557898,0.14849958,6.68e-09,7.9665709,1991.6402,0.024631897,0.022868861,0.078600452,0.072035827,0.25845376,6.37e-05,37.571007,9392.7448,0.048916356,0.047206786,0.06060791,0.058692906,0.15767913,4e-05,28.970575,7242.6382,0.031408183,0.03025149,0.027726821,0.024377229,0.10852038,3.64e-06,13.253427,3313.3518,0.021356658,0.020514128,0.004835709,0.002356759,0.040436771,9.91e-10,2.3114693,577.86668,0.006160388,0.005671261,0.005099145,0.002556786,0.046465788,7.96e-11,2.437391,609.34717,0.006355863,0.005739607,0.022147501,0.016881967,0.12138131,2.04e-10,10.586505,2646.6237,0.020963306,0.019821548,,,0018
38, rois\0020-4.roi.h500, (red),1974,1974.01,3.5874713,2.0397186,22.673344,-3.0927181,7081.668,70817.182,3.1899529,2.8978219,0.7424353,0.7425822,0.76978415,0.71762592,1465.5668,14655.776,0.007232202,0.007159249,0.3145073,0.13944374,2.7597499,1.24e-08,620.83722,6208.4178,0.42011586,0.38223171,0.070160559,0.017165605,1.3836176,0.000557335,138.49687,1384.9792,0.16061623,0.12238529,0.274219,0.12550272,1.9994185,0.001164906,541.30896,5413.1212,0.32417341,0.30433644,0.025905296,0.004173088,0.58000565,0.000269061,51.137108,511.37414,0.062127122,0.046275411,0.013633224,0.003018463,0.2788147,0.000114025,26.911987,269.12174,0.034634976,0.024552785,0.013544392,0.002804971,0.17453504,1.98e-07,26.736599,267.36818,0.02127138,0.019335561,0.058062957,0.052071139,0.22833291,4.26e-05,114.6164,1146.1709,0.043161018,0.041464836,0.044969917,0.041945349,0.17912869,8.71e-06,88.77063,887.71242,0.02930588,0.02805745,0.012579147,0.0089128,0.076776333,7.4e-07,24.83123,248.31412,0.013190709,0.012523043,0.0052926,0.002597315,0.050777536,2.48e-10,10.447601,104.47667,0.006540985,0.005983879,0.004552426,0.002141356,0.04252864,1.08e-12,8.9864807,89.865514,0.005757877,0.005293653,0.025278482,0.019141562,1.1027348,2.51e-12,49.899715,499.00076,0.033524622,0.022956851,,,0020
42, rois\0021-3.roi.h500, (red),441,441.004,6.2204414,5.9009256,24.347973,-1.6121864,2743.2148,27432.399,4.3056497,3.0401347,0.74504307,0.74468082,0.76645774,0.72156507,328.564,3285.6702,0.007646901,0.007548249,0.28364157,0.11833383,2.9889672,7.89e-07,125.08592,1250.8708,0.38706621,0.34977714,0.13607721,0.017520068,2.3967733,0.000503296,60.010059,600.10601,0.29650388,0.18332781,0.2441606,0.084504418,1.8340394,0.000120577,107.67488,1076.7581,0.3071221,0.28732532,0.014319852,0.003772884,0.23040514,0.000211563,6.315052,63.15113,0.039336756,0.025083219,0.011108309,0.002987933,0.16735417,0.00042618,4.8987646,48.988092,0.028442037,0.019982804,0.014242315,0.002924115,0.14658476,6.4e-06,6.2808595,62.809188,0.022341742,0.020033312,0.06085921,0.054852523,0.19038299,6.19e-05,26.838903,268.39159,0.043477817,0.040418263,0.043559703,0.041781198,0.14785977,2.34e-05,19.209829,192.10006,0.028838745,0.027172413,0.013362113,0.009018065,0.0565565,9.5e-06,5.892693,58.92746,0.013331504,0.012744668,0.005237874,0.002559722,0.036009375,8.06e-10,2.3099024,23.099236,0.006343229,0.005752708,0.004707235,0.002068833,0.033396494,5.13e-12,2.0758901,20.759096,0.006258138,0.005657229,0.11656617,0.042975493,1.0902848,2.28e-08,51.405682,514.06155,0.16177912,0.068906057,,,0021
45, rois\0022-4.roi.h500, (red),1205,1205.0,2.3946128,0.63559413,18.756794,-6.0818791,2885.5088,28855.125,3.7608645,3.4737599,0.74738523,0.74775511,0.77558041,0.72467768,900.59857,9006.0048,0.007807872,0.007732207,0.24633106,0.06471958,2.9111035,1.19e-06,296.82895,2968.2934,0.39317618,0.34774544,0.20126971,0.021086708,2.1449482,0.001863857,242.53004,2425.3034,0.3491557,0.27074186,0.17357157,0.024545915,1.4998541,0.00065542,209.15363,2091.5403,0.23805394,0.22193272,0.20398599,0.13802817,1.3836516,6.1e-05,245.80328,2458.0346,0.24543647,0.15384136,0.1060558,0.036590859,0.888677,1.36e-06,127.79726,1277.9743,0.13584366,0.096638374,0.016714856,0.003981254,0.14169902,8.01e-08,20.141413,201.4143,0.023289279,0.021617684,0.083002449,0.076095141,0.30925038,4.22e-05,100.018,1000.1809,0.051133242,0.04932458,0.062257332,0.059091836,0.20558415,8.33e-05,75.019997,750.20192,0.033018191,0.031801856,0.028492897,0.024974011,0.11582482,1.46e-06,34.33392,343.33989,0.020770873,0.019647134,0.004879933,0.002330455,0.043272283,1.08e-09,5.8803186,58.80327,0.0061719,0.0056851,0.005042838,0.002390461,0.034352697,4.47e-11,6.0766234,60.76628,0.006203814,0.00581402,0.022823306,0.017355494,0.13309525,2.35e-10,27.502071,275.02123,0.022040608,0.020526762,,,0022
49, rois\0023-4.roi.h500, (red),382,9549.98,9.0559384,9.0685902,19.100576,3.6587059,3459.3674,864839.99,2.9771102,2.3565753,0.70726502,0.73764908,0.7612313,0.57583773,270.17523,67543.644,0.052044632,0.009752552,1.3347344,0.56859165,11.029228,1.92e-08,509.86862,127466.82,1.8006756,0.99428554,0.16274345,0.034432799,1.6110532,0.000129276,62.168007,15541.961,0.28728736,0.21749871,0.28466176,0.13293394,2.0462453,0.000981231,108.74082,27185.131,0.34471259,0.31564195,0.097263904,0.007559221,1.0290847,6.18e-06,37.154808,9288.68,0.1614432,0.093759248,0.05098088,0.005175968,0.63892347,3.86e-11,19.474697,4868.6621,0.10194612,0.059632644,0.024702137,0.008172436,0.14135855,1.3e-07,9.4362192,2359.0483,0.030078945,0.025304457,0.077096049,0.0631686,0.90837216,9.98e-05,29.450693,7362.6546,0.074260003,0.057587005,0.056430001,0.050867308,0.1813291,2.89e-05,21.556271,5389.0519,0.035445991,0.031633099,0.018406964,0.015575799,0.12012241,3.78e-05,7.0314593,1757.8608,0.018264785,0.01510404,0.01078181,0.006484228,0.096080527,2.89e-12,4.11865,1029.6604,0.012023107,0.008656885,0.012520982,0.006415127,0.098734625,5.18e-13,4.7830124,1195.7508,0.016392959,0.010146061,0.047112394,0.030126059,0.41551936,1.67e-15,17.996933,4499.2226,0.053722798,0.038122167,,,0023
53, rois\0024-3.roi.h500, (red),1730,1730.0,6.3323196,6.679213,19.701141,-1.8449187,10954.906,109548.87,3.1723368,2.2515214,0.71404752,0.7245658,0.76511091,0.63989854,1235.3007,12352.992,0.03055269,0.007229028,1.5318913,0.89553529,8.9745541,1.98e-12,2650.1726,26501.657,1.6673211,1.0295612,0.16056274,0.037665077,2.9962299,0.000835032,277.77393,2777.7288,0.29713173,0.21648888,0.2989481,0.17346042,1.6909299,0.001504459,517.18036,5171.7898,0.32120024,0.29946129,0.10439506,0.012256951,1.0537007,9.1e-08,180.60352,1806.0301,0.1590294,0.1064735,0.050664064,0.006481544,0.5155549,3.19e-08,87.648834,876.48621,0.080855081,0.057147761,0.023985874,0.00660913,0.19554982,1.34e-06,41.495564,414.95463,0.031427342,0.027007975,0.069007523,0.062983647,0.34288222,0.000135774,119.383,1193.8273,0.049096504,0.045014284,0.052596688,0.048749313,0.23783775,4.04e-05,90.992218,909.92052,0.033618085,0.031393957,0.016781384,0.013993771,0.082599461,9.91e-07,29.031805,290.31724,0.016013565,0.01459264,0.009766287,0.005973269,0.073442154,1.05e-11,16.89566,168.95636,0.010506188,0.008753693,0.010332534,0.005956818,0.092086233,2.89e-17,17.875284,178.75242,0.011930133,0.008908765,0.041270165,0.029504303,0.30147952,1.2e-14,71.397369,713.97213,0.040876144,0.031857473,,,0024
56, rois\0025-3.roi.h500, (red),251,22.5898,3.0748277,2.519995,13.193459,-0.70075989,771.7818,694.59619,2.4790009,2.3867228,0.70115063,0.72377902,0.74691361,0.0,175.98885,158.38824,0.12765498,0.03169812,1.2919582,1.1925282,4.8745551,0.0,324.28143,291.85026,1.0882512,1.0394546,1.7261655,1.6077999,5.6021819,0.0,433.26773,389.93665,1.1249641,1.0332771,0.3722033,0.24658874,1.9279617,0.0,93.423019,84.079831,0.37603615,0.34334474,2.7170753,2.7570543,6.6566372,0.0,681.98596,613.78078,1.0576365,0.82020402,0.99294584,0.98139721,2.7661178,0.0,249.22951,224.30408,0.4573612,0.40126019,0.041831992,0.041031871,0.22298017,0.0,10.499831,9.4497465,0.03707078,0.035093381,0.15792433,0.15167527,0.35517424,0.0,39.639,35.674728,0.076670723,0.073262475,0.077143145,0.074640609,0.18366829,0.0,19.362934,17.426451,0.038322276,0.036703038,0.16813232,0.16760556,0.37697756,0.0,42.201218,37.980687,0.062395827,0.05288015,0.006413467,0.004294479,0.050945256,0.0,1.6097797,1.4487867,0.007420556,0.006632508,0.012309461,0.008785798,0.069512025,0.0,3.0896738,2.7806776,0.011749165,0.01086403,0.031517049,0.027712349,0.14871034,0.0,7.910779,7.1196257,0.026834314,0.024684141,,,0025
59, rois\0026-4.roi.h500, (red),129,11.6095,45.366359,45.914566,85.274849,9.4563723,5852.2598,5266.8104,20.240924,12.907545,0.69763739,0.69799197,0.72646534,0.67082959,89.995239,80.992259,0.008824998,0.007769462,14.020799,12.857345,41.827972,2.7657781,1808.683,1627.7456,6.9586538,6.0209294,42.643853,40.789455,101.66672,11.021894,5501.0581,4950.741,19.098268,13.697819,6.441503,5.7536383,15.698704,0.96340477,830.95386,747.82671,3.1615929,2.7944648,50.235934,51.925789,69.386665,18.237514,6480.4351,5832.144,9.8523531,7.2412382,4.2375097,4.1503606,9.2229328,0.31754574,546.63867,491.95396,1.7109287,1.5274007,0.2422384,0.22043796,0.8345139,0.014481413,31.248745,28.122683,0.14334279,0.13329714,0.56899862,0.56324911,1.3872889,0.089643836,73.400818,66.057932,0.25155191,0.23131812,0.2146251,0.19602399,0.5859884,0.030181307,27.68664,24.916915,0.10491203,0.089625359,0.62127732,0.55892587,2.1966949,0.21379161,80.144791,72.127231,0.31078565,0.19138649,0.20522275,0.16030513,0.75349748,1.38e-06,26.473736,23.825349,0.1827226,0.12410371,0.28858504,0.24876095,0.83051056,0.039192572,37.22747,33.503299,0.15577304,0.12894114,79.520297,84.061401,158.95296,4.5469484,10258.118,9231.9141,43.316345,27.677234,,,0026
63, rois\0027-4.roi.h500, (red),136,12.2396,13.885574,13.031298,31.0201,6.9352331,1888.4377,1699.537,3.6793544,2.7157575,0.71165864,0.71165133,0.72825116,0.69330853,96.785583,87.104084,0.007425817,0.007387784,7.3875124,7.23913,20.515772,0.8972919,1004.702,904.20106,3.2301732,3.0298875,10.075443,9.6419811,25.541544,3.3918092,1370.2605,1233.1927,4.0053928,3.0545806,1.9367109,1.7684587,6.4312711,0.15383002,263.39267,237.04542,1.1759086,1.0811658,23.905883,23.850889,30.700825,16.963064,3251.2007,2925.9815,2.918173,2.6889452,2.5598413,2.4385946,5.6619105,0.78163099,348.13849,313.31403,0.86267968,0.78461947,0.095422859,0.079962157,0.34336156,5.29e-05,12.977509,11.679365,0.070504065,0.068146638,0.62276998,0.54572225,4.1571269,0.11974548,84.696747,76.224478,0.40858028,0.2071934,0.20664494,0.19967975,0.38810155,0.062238034,28.103716,25.292489,0.065816406,0.062115437,0.31602656,0.31231645,0.55874187,0.11936836,42.979614,38.680349,0.094606733,0.087980991,0.0212654,0.016220197,0.12954572,1.88e-08,2.8920946,2.6027973,0.019267182,0.016139654,0.13623469,0.13433191,0.41334063,0.025714206,18.527914,16.674564,0.053333742,0.047072399,15.377789,11.919525,52.974739,6.3607712,2091.3792,1882.178,8.6294366,4.8449208,,,0027
67, rois\0028-3.roi.h500, (red),400,35.9974,2.8402539,0.36617517,15.477407,-2.5988936,1136.1016,1022.417,3.480455,3.4872043,0.71845987,0.71777779,0.7445783,0.68228573,287.38391,258.62673,0.008507805,0.008369709,0.289397,0.065077573,2.7582762,0.000554109,115.75878,104.17534,0.4811901,0.4116181,0.20764202,0.043154702,1.7476246,0.002557124,83.056747,74.745684,0.33580092,0.289573,0.35777784,0.26579142,2.6016929,1.27e-06,143.1111,128.79065,0.347616,0.32917444,0.13293574,0.086683691,0.82618588,2.67e-09,53.174297,47.853384,0.14945869,0.13924503,0.019592688,0.004472411,0.20954499,1.52e-06,7.8370771,7.0528543,0.042133214,0.032229434,0.018370845,0.003936934,0.11816973,1.97e-06,7.3483396,6.6130228,0.02666945,0.024961253,0.073618684,0.064471111,0.28987896,0.000283039,29.447466,26.500797,0.054637162,0.052049112,0.059266803,0.053101521,0.20693953,7.96e-05,23.70672,21.334496,0.036711011,0.033942354,0.018561428,0.016974015,0.094444454,1.22e-05,7.424571,6.6816275,0.0176241,0.016646855,0.008256863,0.005201834,0.049552146,1.4e-09,3.3027437,2.9722543,0.008621119,0.008053179,0.009260581,0.005858202,0.060896259,2.16e-10,3.7042336,3.3335664,0.009968167,0.009590318,0.070358864,0.060161978,0.35626754,2.66e-10,28.143541,25.327347,0.055805008,0.048093148,,,0028
70, rois\0029-3.roi.h500, (red),282,7050.03,11.524893,11.183548,23.613125,4.4687567,3250.0193,812508.25,3.5304886,2.7580503,1.0593811,1.0619587,1.0930989,0.998362,298.74561,74686.67,0.015668217,0.013598638,0.32708149,0.10317221,1.7876151,0.004232228,92.237,23059.339,0.40725299,0.38815629,0.21315314,0.095445849,1.2539335,0.002424558,60.109188,15027.358,0.24586441,0.234565,0.31068325,0.27074778,1.1830366,2.85e-05,87.612663,21903.259,0.24870751,0.23692098,0.11429071,0.088689499,0.76369137,3.6e-10,32.229984,8057.528,0.11642638,0.10551045,0.015216612,0.004204733,0.19357647,2.35e-06,4.2910857,1072.7755,0.029921964,0.023672761,0.01312628,0.003499025,0.16782378,1.14e-05,3.701611,925.40651,0.019712643,0.017005985,0.052581794,0.047901969,0.20221616,0.000380554,14.828067,3707.0316,0.034015199,0.033198491,0.049059547,0.044903737,0.1811033,9.74e-05,13.834788,3458.7122,0.023926991,0.022828073,0.016041395,0.013950036,0.056228559,1.73e-07,4.523675,1130.9229,0.012548392,0.011756352,0.006925611,0.005052246,0.032141693,7.52e-10,1.9530231,488.2576,0.006458585,0.006102431,0.007593111,0.006385599,0.031989038,4.02e-10,2.1412578,535.31651,0.006562242,0.006314341,0.040709328,0.035218325,0.27796239,3.44e-08,11.480027,2870.0193,0.035585201,0.029720196,,,0029
73, rois\0030-4.roi.h500, (red),173,4325.0,4.0859393,4.5184908,11.840778,-1.0182381,706.86743,176716.83,2.5808695,2.5685335,1.0665033,1.0657119,1.1075442,1.0223175,184.50507,46126.258,0.017104502,0.017266526,0.31097899,0.10924175,2.2773926,0.003029299,53.799377,13449.838,0.41174095,0.3803573,0.22820852,0.065526426,1.3498353,0.002627034,39.48008,9870.0164,0.29009906,0.25464513,0.33660087,0.26505542,1.5189388,5.81e-05,58.231949,14557.984,0.29513365,0.2704401,0.10804884,0.078408413,0.53595275,9.08e-09,18.692448,4673.1111,0.11211842,0.10599324,0.021410294,0.005194749,0.41143698,6.5e-06,3.7039804,925.995,0.047958309,0.035683206,0.015742288,0.005581495,0.070731089,0.000113321,2.7234161,680.85382,0.017390439,0.016790658,0.12110643,0.059030887,4.8956552,0.000518664,20.951418,5237.8519,0.46162984,0.15719686,0.048510077,0.044760942,0.11681458,0.000522683,8.3922443,2098.0603,0.025795815,0.024173055,0.016993116,0.014393195,0.068058066,5.1e-05,2.9398091,734.95209,0.013565434,0.012121949,0.007072121,0.005175237,0.027414488,1.83e-08,1.2234769,305.86917,0.005690973,0.005504582,0.008965907,0.007558245,0.046757322,2.8e-10,1.551102,387.77541,0.007813319,0.007436268,0.04856066,0.036620587,0.67306483,1.82e-09,8.4009953,2100.2481,0.065321849,0.04250267,,,0030
77, rois\0031-5.roi.h500, (red),230,5750.0,5.7994158,5.6114616,16.824001,0.86434484,1333.8654,333466.15,2.9709722,2.8311222,1.065109,1.0655463,1.1,1.0269566,244.97513,61243.721,0.013853763,0.013420412,0.28485656,0.085394427,1.432065,0.001547622,65.517014,16379.24,0.34681447,0.33377149,0.22449992,0.081979051,1.365172,0.000245329,51.634995,12908.735,0.28681937,0.26377394,0.31510742,0.28220853,1.3351246,5.62e-07,72.474693,18118.663,0.24204879,0.23281228,0.10972824,0.066704325,0.66078967,9.74e-10,25.237486,6309.3689,0.1258413,0.11683603,0.016873335,0.004143463,0.12424134,6.13e-06,3.8808661,970.216,0.02915869,0.025559734,0.015973587,0.004879458,0.10367846,2.94e-05,3.6739247,918.48052,0.02010158,0.01800521,0.053388494,0.051275529,0.16062309,0.000236671,12.279357,3069.836,0.033277096,0.031958703,0.04787355,0.046224728,0.12822764,0.001332444,11.010918,2752.727,0.024594826,0.023031353,0.015136669,0.013373997,0.0602431,6.71e-05,3.4814355,870.35783,0.011616985,0.011457794,0.006671506,0.005737635,0.025615342,3.24e-08,1.5344466,383.61127,0.005418767,0.005065091,0.007511194,0.005925464,0.035506062,1.09e-09,1.7275747,431.89332,0.006706897,0.006471135,0.037572529,0.034872811,0.13913731,5.04e-08,8.6416817,2160.4188,0.024728867,0.02347577,,,0031
82, rois\0032-4.roi.h500, (red),111,2774.99,3.8878311,4.0134726,11.432105,-2.0363212,431.54929,107887.11,2.7806406,2.700401,1.0617194,1.0621891,1.090909,1.0293103,117.85085,29462.66,0.013776713,0.012875485,0.27289998,0.072934508,1.630075,0.008410308,30.291899,7572.9605,0.36505543,0.34053313,0.17643767,0.058068473,1.0074821,0.006117882,19.584574,4896.1363,0.22639785,0.20901564,0.36054512,0.32641354,1.3111273,0.00060438,40.0205,10005.109,0.26057454,0.24399439,0.11491868,0.081631079,0.57975954,2.19e-10,12.755978,3188.9874,0.11151995,0.10594716,0.017141766,0.0041382,0.18788864,0.000291204,1.9027357,475.68313,0.032383881,0.028471102,0.015637583,0.005761135,0.072412737,1.01e-06,1.7357714,433.94212,0.017759003,0.017117299,0.069603194,0.069939964,0.18929219,0.000700397,7.7259545,1931.4851,0.038238321,0.037695079,0.063951464,0.0636755,0.14982119,0.002986283,7.0986133,1774.6498,0.027742958,0.027208049,0.033487482,0.029065182,0.092817411,0.000680527,3.7171102,929.27591,0.019566933,0.018311696,0.007219885,0.005941151,0.033917122,8.21e-12,0.80140704,200.35143,0.006112412,0.00558612,0.009724004,0.008630545,0.040496685,2.63e-08,1.0793644,269.84062,0.007742567,0.007376323,0.035188918,0.030457409,0.11848994,1.86e-07,3.9059694,976.49066,0.022790897,0.020283306,,,0032
86, rois\0033-4.roi.h500, (red),664,16600.0,5.1797109,5.0593376,17.220413,-1.04599,3439.3254,859832.51,3.0050184,2.7969946,1.0576691,1.0575783,1.1187552,1.0226877,702.29242,175573.17,0.01274044,0.011796118,0.30491434,0.089209743,2.5287833,0.000820144,202.46306,50615.81,0.40859623,0.3863915,0.21337849,0.073312081,1.5672605,7.12e-05,141.68338,35420.85,0.27153273,0.25413267,0.30585577,0.25867814,1.5329925,6.3e-07,203.08823,50772.088,0.25273761,0.24273342,0.12358469,0.09018667,0.74248594,1.4e-10,82.060272,20515.071,0.12854623,0.12103531,0.01700583,0.004192271,0.20598027,7.81e-08,11.291871,2822.9694,0.031707658,0.026127512,0.017941453,0.006832143,0.11620563,1.99e-07,11.913126,2978.2829,0.021276624,0.019739247,0.072359259,0.068540052,0.25299171,0.000313888,48.046547,12011.644,0.040921748,0.038648225,0.0624173,0.05916414,0.17465255,0.003543779,41.44508,10361.278,0.028658097,0.027853017,0.029397,0.027477466,0.11643095,5.16e-09,19.5196,4879.9048,0.018445256,0.017533638,0.007036631,0.005529767,0.037642196,3.56e-10,4.6723223,1168.0815,0.006104032,0.005774495,0.008967739,0.007321067,0.040706884,3.34e-11,5.9545779,1488.6455,0.008014551,0.007651658,0.035981043,0.033090003,0.11411842,8.18e-13,23.891392,5972.8567,0.023695737,0.022654813,,,0033
90, rois\0034-4.roi.h500, (red),88,87.9995,4.9712884,5.1003876,11.036557,0.59614778,437.47342,4374.7107,2.0894485,1.8687767,1.0546568,1.0573505,1.0878763,1.0155945,92.809792,928.09304,0.016408873,0.016004371,0.33215228,0.12889379,1.9978021,0.002299587,29.229401,292.29246,0.43842925,0.42266175,0.54236261,0.51321989,1.8674185,0.006312769,47.727905,477.27657,0.45815854,0.38059596,0.3644866,0.33631635,1.2522382,3.28e-07,32.074821,320.74651,0.27195983,0.25287704,0.14275201,0.1336676,0.55859041,4.06e-08,12.562179,125.62111,0.13107615,0.12316318,0.052804524,0.013233065,0.40460676,1.08e-05,4.6467972,46.467735,0.080323228,0.065987653,0.016290243,0.008373406,0.068865493,9.35e-05,1.4335411,14.335338,0.01838682,0.017913559,0.22635997,0.20550248,0.49088424,0.067698024,19.91967,199.19572,0.10108849,0.074846823,0.054334187,0.053868905,0.14961286,0.001805737,4.7814083,47.813832,0.023907062,0.02327161,0.020319921,0.018603649,0.068046845,0.000359448,1.7881528,17.881436,0.014763454,0.013372915,0.011104763,0.010776699,0.032187905,3.76e-07,0.97721905,9.77214,0.007815032,0.007699943,0.011665785,0.010393376,0.05083283,1.84e-08,1.0265889,10.265836,0.009498091,0.009055303,3.3186893,3.1032748,6.5619593,1.1964846,292.04465,2920.4312,1.1325147,0.5646889,,,0034
94, rois\0035-4.roi.h500, (red),151,151.001,5.0421624,4.9809813,18.256659,0.64463019,761.36652,7613.7068,2.8078209,2.6951722,1.0476217,1.0466959,1.0863676,1.0076119,158.19084,1581.9174,0.016086026,0.014957063,0.28424557,0.074821815,1.7515234,0.002033165,42.921093,429.21316,0.39305133,0.37061942,0.26471183,0.098265387,1.5285921,0.002666607,39.971481,399.71704,0.30770393,0.27076059,0.31525949,0.23034884,1.7814517,2.73e-07,47.604183,476.04442,0.28024237,0.2546169,0.17133513,0.10985022,1.5868247,3.04e-09,25.871605,258.71746,0.20175096,0.14790734,0.045456626,0.006586774,0.54128361,0.000354204,6.8639507,68.63988,0.075630593,0.052033595,0.017849032,0.005784783,0.087254703,3.78e-05,2.6952035,26.952185,0.021040019,0.019853607,0.15072066,0.096644208,0.85849857,0.001213993,22.758812,227.58945,0.16108844,0.054724418,0.050206581,0.048374958,0.15203284,0.001438142,7.5811911,75.812351,0.026494336,0.024617952,0.015798406,0.014250726,0.059975863,0.000118317,2.3855588,23.855723,0.013108444,0.012277324,0.008343369,0.007231434,0.029844858,6.74e-08,1.2598487,12.598556,0.006327057,0.006037284,0.009912771,0.007633272,0.044130437,1.72e-09,1.4968287,14.968366,0.008806885,0.008291618,0.14113924,0.059820503,1.2978714,2.04e-08,21.312017,213.12142,0.20712605,0.064122079,,,0035
98, rois\0036-4.roi.h500, (red),291,291.002,3.5804735,3.3284128,10.778606,0.15029311,1041.9176,10419.263,2.1668296,2.1295617,1.0405056,1.0406224,1.086463,1.0018939,302.78726,3027.8959,0.013870649,0.012713416,0.37784896,0.11554952,2.9332759,0.001621051,109.95406,1099.5495,0.48994666,0.45673829,0.58632059,0.51799715,2.8523827,0.005549241,170.61926,1706.2069,0.46881092,0.44255407,0.42285301,0.37995604,1.5107549,2.01e-07,123.05025,1230.5123,0.31666555,0.30321129,0.25272495,0.22591268,1.1437217,1.48e-08,73.542953,735.43562,0.20769033,0.18729461,0.1681033,0.13671494,0.8223967,6.79e-06,48.918049,489.1846,0.13599305,0.11686105,0.021976623,0.015545551,0.15644526,3.08e-05,6.3952003,63.952495,0.022716815,0.021469007,0.18941886,0.16583878,1.3149931,0.024374545,55.120892,551.2134,0.12863383,0.084228178,0.055785774,0.05419955,0.16129375,8.59e-05,16.233658,162.33793,0.028674172,0.027688718,0.017699359,0.015642507,0.066647381,5.73e-09,5.1505117,51.505557,0.013715094,0.013204889,0.009471176,0.007947215,0.044623937,1.41e-07,2.7561138,27.561347,0.007711566,0.007261469,0.010336222,0.008531971,0.050229292,1.9e-09,3.0078404,30.078652,0.009175157,0.008739318,1.4381488,1.33478,3.2699335,0.27798036,418.50128,4185.0471,0.53908518,0.24140909,,,0036
102, rois\0037-4.roi.h500, (red),152,151.998,8.8781042,8.4914207,17.998379,2.598381,1349.4718,13494.5,3.0602144,2.5563589,1.0248729,1.0248848,1.0632582,0.9837476,155.78072,1557.7816,0.016054249,0.015504936,0.36083768,0.12450242,1.9344187,0.000188597,54.847317,548.46442,0.46266989,0.43036669,0.44966385,0.3889325,1.9636757,0.000160377,68.348907,683.47801,0.42582313,0.38815514,0.37280885,0.30175129,1.6569132,0.000379811,56.666946,566.66029,0.29519688,0.28216744,0.20055263,0.16105464,0.91569108,7.31e-10,30.483997,304.83507,0.19646502,0.17261198,0.03675991,0.004677208,0.2873266,2.9e-06,5.5875058,55.87416,0.056723383,0.052454657,0.018255506,0.005702504,0.13664141,2.43e-08,2.774837,27.747921,0.023032818,0.020013639,0.17129231,0.1474113,0.59410721,0.000725578,26.036428,260.36011,0.10526999,0.07109825,0.066336023,0.063856155,0.17284752,0.003520996,10.083076,100.82913,0.032725936,0.031027245,0.030951863,0.025978815,0.10245835,0.000101699,4.7046838,47.046071,0.021735175,0.020628399,0.008156082,0.00721339,0.032859355,8.88e-09,1.2397242,12.397044,0.006770555,0.006458091,0.009746684,0.008207616,0.039931636,1.25e-10,1.4814957,14.81472,0.008766421,0.008208708,0.40251549,0.3238253,1.6423632,3.38e-10,61.18235,611.81366,0.31611396,0.12675124,,,0037
106, rois\0038-4.roi.h500, (red),388,387.997,3.4321091,3.9605737,14.308953,-2.2780538,1331.6581,13316.491,2.932956,2.9211485,0.99277618,0.99199289,1.0463576,0.95036763,385.19705,3851.9449,0.015572708,0.014923044,0.35412292,0.07885392,2.4238651,0.006156946,137.39966,1373.9874,0.50880593,0.47985394,0.23785426,0.08139991,1.9167954,0.002963268,92.28746,922.86812,0.3016382,0.27769015,0.30482466,0.24347161,1.4480935,1.11e-05,118.27195,1182.7115,0.27136877,0.26322507,0.1690291,0.13646887,0.86917281,4.05e-10,65.58329,655.82838,0.16103805,0.14802534,0.053498908,0.010009816,0.76522052,8.15e-06,20.757574,207.57432,0.093155169,0.0600503,0.021226436,0.008460777,0.17134221,4.86e-08,8.2358599,82.358002,0.024919132,0.021751963,0.082431165,0.076066546,0.25098285,0.000241143,31.983313,319.83071,0.044931734,0.042471913,0.068150919,0.066974685,0.1824239,0.00017629,26.442551,264.42373,0.032580589,0.031404526,0.03239751,0.029256541,0.1638741,1.57e-05,12.57024,125.70147,0.021664628,0.020093228,0.007581506,0.005514533,0.049589757,4.97e-08,2.9416239,29.416041,0.006847128,0.006345416,0.009903935,0.008377265,0.042270765,2.42e-10,3.8427269,38.427002,0.008721136,0.008174862,0.064273908,0.052647136,0.36479282,6.48e-10,24.938278,249.38104,0.052693114,0.042531358,,,0038
110, rois\0039-3.roi.h500, (red),430,38.6977,17.761822,16.959656,36.489452,10.622954,7637.5845,6873.4111,4.4516011,2.6410064,0.97922762,0.97907192,1.0219512,0.92491835,421.06808,378.93827,0.015203487,0.014763867,6.7666405,6.5818191,23.108727,0.30450869,2909.6563,2618.5322,2.6945159,2.5021977,8.9814217,8.2080688,24.49827,2.440232,3862.0122,3475.6009,3.6983594,2.7958625,1.6029951,1.4463636,6.1016498,0.00467928,689.28802,620.32175,0.94983455,0.79788757,6.7330377,6.788106,11.0479,2.6156251,2895.2063,2605.5287,1.3004478,1.1621677,6.4937118,6.5722027,10.048347,3.0282276,2792.2979,2512.9152,1.0140592,0.89555001,0.28018099,0.27213478,0.72809583,0.009063024,120.47781,108.42351,0.10593285,0.1013717,8.3059946,7.7395148,17.707678,4.3303075,3571.5762,3214.2264,2.6420044,1.0812201,0.46701726,0.46503103,0.79963267,0.22623098,200.81747,180.7248,0.097047768,0.092007506,0.14574518,0.14057669,0.330686,0.020548576,62.670406,56.39999,0.055048413,0.048887963,0.027987694,0.024419032,0.10703676,8.92e-07,12.034708,10.830585,0.019907374,0.017477092,0.11929654,0.11602113,0.27768493,0.023524567,51.297516,46.164983,0.043258631,0.04068606,15.604882,12.009462,52.681614,6.2223811,6710.1011,6038.7257,8.5694276,4.3820591,,,0039
113, rois\0040-4.roi.h500, (red),1416,127.44,12.220345,12.043179,26.29208,6.044096,17304.012,15573.624,2.3293679,1.9068546,0.94854221,0.94808507,0.99450547,0.89516127,1343.1362,1208.8235,0.013361112,0.012498705,5.4271987,5.1806822,14.6405,0.081945002,7684.9209,6916.4297,2.3623425,2.1956606,12.647772,12.167859,30.479639,3.4444633,17909.23,16118.338,4.1543574,2.6987979,1.8147207,1.743178,5.144486,0.038703654,2569.6448,2312.6826,0.8079734,0.77724127,44.848306,44.868877,60.573162,29.002575,63505.211,57154.743,4.9709174,3.68089,6.2359192,6.1078992,13.984769,2.6085944,8830.0625,7947.0641,1.3303764,1.0887845,0.27279238,0.26751006,0.87134743,0.009438231,386.27377,347.64699,0.10543539,0.10101195,1.3027797,0.66636974,11.486545,0.19251244,1844.7361,1660.2642,1.4814407,0.34176472,0.25452188,0.24940956,0.51038545,0.059093557,360.40298,324.36303,0.070776828,0.067497632,1.0191031,0.76301593,8.3433638,0.34706447,1443.0482,1298.7464,0.925593,0.33031443,0.013046462,0.01084014,0.065040648,2.09e-20,18.473795,16.62643,0.010830973,0.010274767,0.16702589,0.16395271,0.34196171,0.026985234,236.50844,212.85803,0.049177437,0.045943601,0.60250882,0.46587095,13.167274,0.018943582,853.15228,767.83808,0.69747917,0.29371357,,,0040
117, rois\0041-4.roi.h500, (red),394,35.4599,4.9762642,4.6544671,16.619032,0.23575425,1960.6478,1764.5798,2.3177651,1.9685557,0.97740727,0.97689462,1.0261261,0.91774893,385.09836,346.58794,0.015159729,0.014170293,0.89236912,0.758219,4.4685655,0.000911076,351.59329,316.43347,0.77204534,0.74783039,0.88221754,0.73262453,3.0453146,0.007964214,347.59378,312.83372,0.68553854,0.61280205,0.56292771,0.50746971,1.86128,0.000667171,221.79367,199.61377,0.3773184,0.35840508,3.5395081,3.4469454,6.1561122,1.3838282,1394.5659,1255.1071,0.90350845,0.78310406,2.8173787,2.7782526,4.761075,1.1702094,1110.0472,999.04054,0.62212213,0.5729014,0.13918383,0.13188888,0.34029314,0.000252308,54.838428,49.354488,0.066581307,0.064212075,0.85833674,0.71753705,4.4189544,0.2610836,338.18469,304.36561,0.51817081,0.22271301,0.26674673,0.26528439,0.51063377,0.1025062,105.09823,94.588206,0.068555686,0.066585599,0.11155771,0.10875842,0.22109398,0.025691919,43.953732,39.558288,0.038569024,0.037103321,0.011395572,0.009275484,0.067809179,2.32e-08,4.4898567,4.040862,0.009667389,0.008838816,0.023248034,0.020780556,0.075700194,7.72e-08,9.1597223,8.2437366,0.015040938,0.014232636,1.3204648,1.0675006,13.798887,0.48085821,520.26318,468.2359,1.3402419,0.47521063,,,0041
121, rois\0043-3.roi.h500, (red),664,59.7599,11.43941,11.002278,23.532825,4.9489679,7595.7715,6836.1787,3.0142401,2.1291928,0.93264363,0.93260479,0.9873417,0.85245901,619.27551,557.34679,0.016103062,0.014479423,2.7148781,2.4385748,9.6332617,0.012471412,1802.6802,1622.4081,1.7349837,1.606111,4.1274684,3.8571141,10.754393,0.064261228,2740.6382,2466.5705,1.9354221,1.4755678,1.2547601,1.1474704,5.1179075,0.003038416,833.16095,749.84325,0.74699956,0.67709041,24.339506,23.320927,45.771938,10.919135,16161.427,14545.261,5.919507,2.7246749,7.1514082,7.0238686,14.997211,3.2607248,4748.5366,4273.6735,1.6194691,1.1626966,0.38034621,0.37101817,1.0365876,0.077234767,252.5499,227.29447,0.13482128,0.12069681,1.1100905,1.0947278,2.1255724,0.31288543,737.10028,663.38883,0.29824431,0.21561236,0.28916172,0.28736779,0.65248179,0.067952588,192.00334,172.80272,0.076764261,0.071604096,1.1708357,0.69101173,11.238276,0.23436521,777.43481,699.69008,1.4416956,0.39637219,0.013801272,0.012219342,0.06968414,1.28e-16,9.1640444,8.2476249,0.011041153,0.010415413,0.20337007,0.19949338,0.63576227,0.052300289,135.0377,121.53372,0.060395679,0.049758766,1.1759187,1.1177993,5.1696544,0.26200092,780.80994,702.72772,0.49556064,0.29134248,,,0043
124, rois\0044-5.roi.h500, (red),107,2675.0,3.89973,4.2138157,14.774352,0.29495955,417.27106,104317.86,2.9745465,2.9343912,0.89857884,0.89817876,0.93198991,0.86452162,96.147949,24037.004,0.014174915,0.01403737,0.22974973,0.059162926,2.515696,0.006999633,24.583225,6145.8104,0.39744883,0.32704829,0.27546477,0.12931411,1.1431158,0.004004057,29.474733,7368.6887,0.30970359,0.29488908,0.33072144,0.22255391,1.2780079,0.000908511,35.387184,8846.8057,0.29858904,0.29127304,0.14076305,0.10768877,0.6346733,8.82e-09,15.061646,3765.4146,0.13966099,0.13704037,0.028270791,0.004952488,0.51962471,5.21e-06,3.0249746,756.24427,0.062708656,0.0413636,0.018439705,0.006789521,0.11135316,9.9e-05,1.9730484,493.26252,0.022109805,0.020301905,0.081850553,0.076271549,0.66234499,0.000543823,8.758007,2189.5041,0.068252988,0.052812977,0.060798505,0.055807166,0.14718652,0.002366187,6.5054412,1626.3614,0.028547647,0.027446424,0.017989052,0.016147276,0.047949366,1.12e-05,1.9248288,481.20753,0.013629438,0.012910299,0.008526359,0.007506079,0.0333119,5.89e-08,0.91232049,228.08029,0.006548071,0.00633634,0.011040603,0.009120999,0.040279821,2.17e-10,1.1813443,295.33638,0.00951898,0.008833874,0.042828082,0.03814283,0.14954881,1.67e-06,4.5826039,1145.6521,0.02967528,0.028946165,,,0044
129, rois\0045-4.roi.h500, (red),160,3999.99,3.6435693,3.8983107,12.851,0.14078617,582.97113,145742.49,2.8465339,2.7740203,0.91033009,0.91122282,0.94719738,0.87288141,145.65282,36413.132,0.01597572,0.016108882,0.32016541,0.10321669,1.7261488,0.004628453,51.226448,12806.591,0.41325574,0.37779818,0.28539417,0.094900601,2.2004082,0.001223538,45.663059,11415.744,0.36522098,0.33880642,0.33007717,0.26414141,1.2548646,8.37e-08,52.812359,13203.061,0.27037985,0.25369977,0.13636837,0.10750626,0.64037514,8.24e-11,21.818945,5454.724,0.13317275,0.13144989,0.022029254,0.004458266,0.1971944,1.3e-06,3.5246806,881.16844,0.038774867,0.036545977,0.01978942,0.006628542,0.097312585,2.3e-07,3.1663074,791.57524,0.022615517,0.022253862,0.073591713,0.074611522,0.20963253,0.000649798,11.774669,2943.6628,0.045054802,0.043794398,0.06094852,0.058934756,0.17772678,0.000668355,9.7517624,2437.936,0.029809893,0.02829352,0.019490478,0.016765006,0.080837287,0.000167901,3.1184762,779.6176,0.015382132,0.014427837,0.008488391,0.006627786,0.036758542,3.65e-08,1.3581425,339.53499,0.007454258,0.006834929,0.00898986,0.007551604,0.037780646,2.62e-08,1.4383776,359.59371,0.008202912,0.007928224,0.071881984,0.045460016,1.184566,3.04e-08,11.501119,2875.2737,0.13783976,0.084047406,,,0045
133, rois\0046-4.roi.h500, (red),985,24625.0,5.834936,5.5753288,20.290195,0.12556911,5747.4067,1436853.0,3.3640921,2.8539899,0.90930554,0.90924376,0.95436019,0.86186934,895.66541,223916.49,0.016070172,0.015830813,0.33267153,0.083253302,2.4420402,0.001310918,327.68137,81920.364,0.45492949,0.41322723,0.24013193,0.084438205,2.8102989,0.000318629,236.52997,59132.488,0.30505176,0.28009975,0.35531725,0.29711258,1.7672766,9.64e-07,349.98737,87496.873,0.28618242,0.27414298,0.1414468,0.10741248,0.81826586,8.11e-11,139.32526,34831.276,0.14033367,0.13280737,0.022676589,0.005293948,0.31405035,1.12e-06,22.336451,5584.1101,0.041016947,0.034486137,0.017985349,0.006173014,0.14039581,2.54e-08,17.715567,4428.8921,0.021456775,0.019879599,0.068692213,0.062166173,0.28285611,0.00030643,67.661842,16915.457,0.043771508,0.041853173,0.061117714,0.058810472,0.1741869,0.000418493,60.200954,15050.237,0.031080102,0.029871725,0.019175198,0.016224356,0.088974126,1.89e-08,18.887571,4721.8924,0.01575345,0.014944798,0.008411621,0.006286301,0.040852927,1.57e-10,8.285449,2071.3618,0.007186834,0.006908865,0.009964436,0.008109639,0.049990989,2.06e-10,9.81497,2453.7423,0.008987677,0.008517815,0.055007475,0.042080168,1.2060193,5.28e-11,54.182343,13545.591,0.076990795,0.046095425,,,0046
137, rois\0048-4.roi.h500, (red),60,1500.0,7.7196581,7.8238368,15.185112,2.2144139,463.17953,115794.94,3.2325958,2.8529177,0.9103486,0.91133004,0.94365084,0.8784219,54.620907,13655.237,0.013049042,0.013180248,0.37097589,0.11715019,2.0898957,0.000459527,22.258554,5564.6416,0.50497364,0.42097009,0.28533481,0.0870075,1.188442,0.000825753,17.120087,4280.0246,0.33745727,0.32763924,0.47365873,0.38791186,1.6531839,0.012652231,28.419525,7104.885,0.35110195,0.33275186,0.15240011,0.1258641,0.51634771,8.07e-09,9.1440058,2286.003,0.14183589,0.12412896,0.040234254,0.007009839,0.24741119,5.92e-05,2.4140551,603.51416,0.062341908,0.050659742,0.019409937,0.006688841,0.081928685,4.32e-05,1.1645962,291.14922,0.024175039,0.021264809,0.11511365,0.10517023,0.4018617,0.006026879,6.9068193,1726.7057,0.074676157,0.05933044,0.068548106,0.062358443,0.14729182,0.018762263,4.1128864,1028.2222,0.03335245,0.030850732,0.029800066,0.029244905,0.087740012,0.000229513,1.788004,447.00125,0.019247016,0.019479814,0.008596538,0.007182044,0.026720192,9.46e-09,0.51579219,128.94814,0.006462189,0.006410734,0.009239811,0.007931665,0.033744708,4.45e-09,0.55438858,138.59724,0.00772881,0.007130877,0.091270669,0.054211259,0.66384745,7.98e-09,5.4762402,1369.0608,0.12769994,0.069202049,,,0048
141, rois\0049-4.roi.h500, (red),1224,30600.0,5.3667365,5.2413106,17.641235,-1.2610197,6568.8862,1642223.4,3.0673933,2.7590823,0.92044689,0.92033195,0.98093724,0.86481804,1126.627,281657.09,0.016044373,0.01568984,0.30626044,0.075086847,3.2554023,0.002768714,374.86267,93715.809,0.43850866,0.40033518,0.23387118,0.088022456,1.7546309,0.000299593,286.25858,71564.668,0.2872385,0.26447474,0.34559866,0.28934205,1.8261393,7.09e-08,423.01248,105753.32,0.28246729,0.26424628,0.13424899,0.099423312,0.86321211,7.96e-12,164.32066,41080.24,0.13867102,0.13090889,0.01807126,0.004538212,0.25491327,1.26e-07,22.119219,5529.8122,0.035224629,0.028764813,0.020063096,0.00818501,0.1480072,7.81e-08,24.557226,6139.3147,0.023016697,0.021485663,0.087007628,0.0831393,0.29834357,0.000302191,106.49735,26624.366,0.046400042,0.044472169,0.076667552,0.074234471,0.22062811,0.000206519,93.841103,23460.299,0.035194377,0.033685701,0.035116247,0.031921118,0.11866192,9.64e-05,42.982277,10745.585,0.021593502,0.020793145,0.008259884,0.006360281,0.052845627,4.98e-09,10.110099,2527.5274,0.007200984,0.006748546,0.00987367,0.00730543,0.064901598,3.09e-11,12.085365,3021.3467,0.009434344,0.008901145,0.040660733,0.038315184,0.18522912,5.48e-09,49.768757,12442.199,0.027484123,0.0267262,,,0049
145, rois\0050-2.roi.h500, (red),101,2524.98,3.4744216,3.6862373,11.896729,0.14096498,350.9166,87728.279,2.3412205,2.2602871,0.93150147,0.9319976,0.96611571,0.89482611,94.081642,23520.18,0.01460483,0.014347353,0.41671048,0.15671343,2.1081059,0.007587687,42.087765,10521.836,0.47775679,0.46813749,0.26696373,0.08125288,1.9671736,0.004534869,26.963339,6740.7678,0.35297557,0.3313702,0.38249203,0.30359182,1.1470017,0.000804194,38.631699,9657.8285,0.29520345,0.29112112,0.14612361,0.096287578,0.90270048,1.3e-08,14.758486,3689.5849,0.15637993,0.1348366,0.024144342,0.005793069,0.27658355,5.42e-05,2.4385791,609.63863,0.048760778,0.035526796,0.019680006,0.010681772,0.1142185,1.43e-06,1.9876807,496.91526,0.02262433,0.021318066,0.11055507,0.089333557,1.6124272,0.000530431,11.166063,2791.488,0.15937444,0.081830895,0.072309641,0.067976266,0.14957079,0.015495273,7.3032746,1825.8004,0.030842951,0.029925395,0.03492995,0.031590171,0.10176805,0.001621126,3.5279253,881.97255,0.020098587,0.019390841,0.00737005,0.005671189,0.030545702,2.72e-09,0.74437493,186.09192,0.006539589,0.006308908,0.009820355,0.008705194,0.032679774,7.29e-09,0.99185598,247.96153,0.008191497,0.008051959,0.25110247,0.059068043,8.6119738,2.38e-06,25.361351,6340.2749,0.97543073,0.44352314,,,0050
147, rois\0051-5.roi.h500, (red),883,883.003,3.7651207,4.1017056,13.301039,0.26090741,3324.6006,33246.11,2.762079,2.7440609,0.94453017,0.94425958,0.99343723,0.89881498,834.02014,8340.2251,0.015421411,0.014988561,0.35437874,0.095138565,2.9434922,0.000447339,312.91629,3129.1731,0.47187402,0.43003554,0.24029317,0.083956391,2.3556674,0.001493431,212.17883,2121.7947,0.29939793,0.2746969,0.33078371,0.27744049,1.688127,1.83e-06,292.082,2920.8284,0.26489033,0.24974322,0.13483214,0.095590152,0.88992375,2.1e-12,119.05681,1190.5712,0.14118672,0.13239805,0.019940915,0.00483184,0.28209892,1.92e-06,17.607819,176.07878,0.037191409,0.030731817,0.018090931,0.005794767,0.15594895,3.51e-08,15.974292,159.74338,0.021825948,0.020362751,0.064103859,0.059376419,0.2339161,7.83e-05,56.603695,566.03868,0.03838715,0.03663597,0.057924687,0.055251371,0.18721241,0.000130943,51.147476,511.47644,0.029436568,0.028406696,0.017353159,0.01504383,0.09671481,3.08e-05,15.322834,153.22883,0.014133583,0.013166984,0.008320206,0.006303883,0.035607554,1.01e-10,7.3467445,73.467631,0.007063697,0.006809851,0.009736476,0.007978037,0.049285062,3.02e-11,8.5973101,85.973327,0.008651801,0.008149531,0.049313941,0.039892018,3.5424442,1.14e-10,43.544212,435.44333,0.12709987,0.037571231,,,0051
152, rois\0052-3.roi.h500, (red),227,227.0,3.6418362,4.0723267,11.211496,0.13929009,826.69653,8266.9726,2.9369733,2.9745704,0.96126624,0.96076638,1.0027701,0.91525424,218.20744,2182.0755,0.01534636,0.015363402,0.35945284,0.087315567,2.5426378,0.001763526,81.595772,815.95838,0.49364353,0.45593472,0.25298023,0.10040013,1.5972059,0.000409861,57.426521,574.26543,0.31548825,0.29572373,0.37442156,0.30063003,1.9470578,1.84e-05,84.993713,849.9374,0.30884027,0.29259536,0.14735448,0.11624262,0.68782705,1.67e-09,33.449448,334.49484,0.13949433,0.13028965,0.029272824,0.005903517,0.21514289,2.06e-06,6.6449299,66.449346,0.046597274,0.042013543,0.017859351,0.005268947,0.12553807,7.7e-05,4.0540724,40.540749,0.022357111,0.02102873,0.081655501,0.077572957,0.22022516,0.000536447,18.535801,185.35809,0.046513521,0.04155022,0.05780098,0.056243524,0.12422343,0.002456924,13.120822,131.2083,0.025373775,0.024618356,0.017213335,0.015787069,0.070214376,4.12e-05,3.9074273,39.074291,0.013982238,0.013018333,0.008289167,0.006178076,0.033968478,2.4e-08,1.8816407,18.816418,0.007124962,0.006742992,0.008672553,0.006566415,0.034175862,6.21e-10,1.9686695,19.686705,0.008076282,0.007595836,0.095494195,0.074604005,0.37177831,0.000480073,21.677185,216.77194,0.070718433,0.047783496,,,0052
155, rois\0053-4.roi.h500, (red),1319,1319.0,4.4933382,4.7092733,20.370531,-1.2263656,5926.7119,59267.175,2.9008791,2.7810751,0.96001645,0.9602955,1.0009009,0.91150445,1266.2627,12662.626,0.013872918,0.013298362,0.34701477,0.082708046,3.0196536,0.000661733,457.71246,4577.1283,0.47182107,0.43390796,0.28145425,0.10028667,6.7264452,2.18e-05,371.23785,3712.3844,0.41526646,0.3330702,0.34612052,0.27841234,1.5336815,2.01e-07,456.53308,4565.333,0.2958076,0.28318518,0.15610309,0.11654454,0.92652601,1.69e-10,205.9001,2059.0013,0.15732125,0.14741616,0.044461226,0.007266356,0.46895313,3.67e-07,58.644318,586.444,0.068610005,0.057566922,0.018107089,0.005367538,0.14448707,1.66e-07,23.883255,238.83268,0.021970406,0.020365282,0.063274315,0.057849746,0.222285,2.97e-05,83.458839,834.58884,0.040186932,0.038537779,0.056545661,0.052802887,0.15744321,0.000119432,74.583771,745.83782,0.030005595,0.028963313,0.020115251,0.016518237,0.30130979,1.29e-07,26.531998,265.32035,0.020697147,0.016343459,0.00825841,0.006139364,0.044613719,2.28e-12,10.892843,108.9285,0.007246893,0.006896237,0.009810282,0.00792205,0.061523817,1.31e-11,12.939762,129.39771,0.008793292,0.008383286,0.09995763,0.05187083,13.195724,4.74e-10,131.84419,1318.4421,0.53227864,0.12542673,,,0053
159, rois\0054-3.roi.h500, (red),1057,26425.0,3.4859508,4.0904226,15.997707,-1.9170284,3684.6531,921162.5,2.8497285,2.839333,0.96102114,0.96112114,1.0116696,0.92160612,1015.7995,253949.84,0.013986029,0.013617773,0.32920301,0.077409819,2.9883289,0.001044519,347.96744,86991.895,0.45972901,0.42239796,0.24142536,0.076230042,1.982926,0.001013971,255.18689,63796.652,0.3173737,0.2939763,0.34502371,0.27809906,1.9694475,5.38e-06,364.69009,91172.516,0.2926275,0.27690086,0.13980987,0.10868033,0.91319835,7.38e-10,147.77899,36944.759,0.14118264,0.13180499,0.018098458,0.00438421,0.23197107,2.3e-07,19.130058,4782.5177,0.035434337,0.028767894,0.017296395,0.004899017,0.15484683,3.16e-07,18.282301,4570.5724,0.021963759,0.020494979,0.061395615,0.058345407,0.21525756,0.000125497,64.89518,16223.791,0.039861768,0.038727771,0.054932186,0.05330104,0.16274144,0.000175797,58.063339,14515.83,0.02939388,0.028111452,0.016289771,0.014546277,0.074816808,2.65e-08,17.218283,4304.5721,0.013894208,0.013225155,0.008597339,0.006449433,0.065726273,6.77e-11,9.087388,2271.8469,0.007775287,0.007195236,0.009841147,0.007513419,0.048060153,4.09e-11,10.402084,2600.5231,0.009062528,0.00859461,0.042883311,0.039342981,0.23177575,3.95e-11,45.327637,11331.915,0.029578345,0.027889986,,,0054
162, rois\0055-3.roi.h500, (red),1099,1098.99,37.044136,35.963524,86.719574,26.557653,40711.523,407112.07,5.4894208,3.2800702,0.85372166,0.8530184,0.91005725,0.80861247,938.23944,9382.3323,0.015329984,0.012362835,29.987224,28.313869,87.769234,9.9881344,32955.961,329557.18,9.5462622,7.1003969,34.526968,33.651962,76.49929,14.847729,37945.164,379448.59,8.3999428,6.3094246,10.868312,10.542365,78.662033,2.7694123,11944.271,119441.87,3.616692,2.6490753,239.68163,239.36264,339.0538,45.180344,263409.91,2634081.8,29.856737,18.89354,16.232564,13.20381,49.929134,0.060756281,17839.611,178394.57,8.509499,3.310572,0.81411166,0.76881313,2.3063555,0.002327123,894.70868,8947.0215,0.32385204,0.23128469,5.324625,3.2134659,44.69796,1.1603142,5851.7632,58517.2,5.1250883,1.6752615,0.77060076,0.76151699,1.3396716,0.3368023,846.88959,8468.8403,0.15863993,0.14809186,3.3063452,2.9472072,12.513805,1.6939052,3633.6719,36336.468,1.2310925,0.97475327,0.037128892,0.031174913,0.78544223,1.0300000000000001e-21,40.804668,408.04353,0.037886338,0.027354124,0.79465712,0.78700471,2.1060538,0.32334805,873.32751,8733.2177,0.15587121,0.13067258,4.7653943,1.7098833,69.670815,0.066666931,5237.1675,52371.299,8.5606674,4.1728388,,,0055
165, rois\0056-4.roi.h500, (red),5132,5131.99,4.4316886,4.7818422,19.439871,-1.7542124,22743.428,227433.78,2.9995558,2.9370827,0.95824233,0.95805526,1.0254022,0.87903225,4917.6987,49176.894,0.014270746,0.013582729,0.31431665,0.069562934,3.3848269,0.00245792,1613.0719,16130.697,0.46189502,0.42240207,0.23535159,0.078681305,2.3308935,0.000789365,1207.826,12078.218,0.30483492,0.28584743,0.28996845,0.2195918,1.8336737,1.4e-09,1488.1172,14881.15,0.25620237,0.24295362,0.13892216,0.10358316,1.039067,3.55e-12,712.94763,7129.4705,0.14236421,0.13469074,0.017534294,0.004505278,0.27445659,2.54e-08,89.985817,899.85809,0.033906376,0.02806872,0.020055038,0.006626153,0.18182254,1.02e-09,102.92234,1029.2224,0.023862779,0.022429508,0.08262151,0.077680871,0.29919726,4.12e-05,424.01306,4240.127,0.047748683,0.045856328,0.071380829,0.067658342,0.39561486,5.41e-05,366.32611,3663.2565,0.03436568,0.033072317,0.033463983,0.03115152,0.147331,9.45e-06,171.73708,1717.368,0.020963715,0.020121767,0.008189885,0.006256173,0.046662554,3.24e-11,42.03054,420.30401,0.007020099,0.006692839,0.009787497,0.007484774,0.0566006,3.67e-13,50.229462,502.29331,0.009015901,0.008534509,0.041045323,0.037762865,0.17938079,5.84e-10,210.64426,2106.4416,0.028676038,0.02758762,,,0056
169, rois\0057-2.roi.h500, (red),1100,1099.99,3.4194943,3.8415611,15.408259,-1.2084603,3761.4465,37614.057,2.8487605,2.8034114,0.95465078,0.95426011,0.99807507,0.90646768,1050.1158,10501.052,0.014524489,0.013812283,0.34180777,0.080756441,2.6057415,0.002615847,375.98904,3759.8475,0.47700064,0.44205467,0.26533314,0.10756385,1.5859407,0.001022513,291.86679,2918.6351,0.31651181,0.29998353,0.35272704,0.26500881,1.8697623,3.14e-06,387.99966,3879.9583,0.30029739,0.28423981,0.15299377,0.12054574,0.86238545,1.36e-10,168.29317,1682.9145,0.1475612,0.13880065,0.018716932,0.004479564,0.45780039,1.94e-08,20.588621,205.88417,0.038370032,0.029640868,0.019283733,0.00583519,0.19442278,1.98e-08,21.21209,212.11893,0.023847529,0.022103131,0.084568837,0.079819106,0.31832391,0.000276798,93.025719,930.24781,0.050338987,0.048354254,0.071287889,0.068512969,0.24589692,0.000230713,78.416679,784.15886,0.03549049,0.034226546,0.03435546,0.032042749,0.12362242,3.5e-05,37.791,377.90625,0.021964058,0.021145627,0.008566892,0.006446853,0.038650434,1.36e-08,9.4235802,94.234857,0.007333628,0.006983133,0.010472605,0.008202865,0.058434602,4.59e-11,11.519853,115.1975,0.009548579,0.009055093,0.22295623,0.07941097,1.7178721,2.15e-11,245.25188,2452.4937,0.31074651,0.092425673,,,0057
171, rois\0058-2.roi.h500, (red),349,348.998,8.3267662,7.9208555,32.644089,2.0423949,2906.0417,29060.226,4.0338258,3.0972024,0.94752035,0.94802701,0.98350692,0.90936553,330.68457,3306.8246,0.012901718,0.012341965,0.5725899,0.17997743,7.2366581,0.004564647,199.83388,1998.3258,0.84528095,0.59775043,0.89765375,0.25127244,22.600687,0.002160142,313.28116,3132.7913,2.3629493,0.91792355,0.52424594,0.41264182,3.9688256,1.34e-06,182.96185,1829.6065,0.51442852,0.39299768,0.33987143,0.20848103,2.5217624,1.49e-10,118.61512,1186.1436,0.39032796,0.23476896,0.23181542,0.087662235,2.7763479,1.28e-06,80.903625,809.03058,0.40247647,0.15190147,0.03524775,0.014891011,0.36500534,1.71e-08,12.301468,123.01385,0.051531507,0.031957265,1.3922021,0.20937429,17.926453,0.027268613,485.87851,4858.754,3.1832423,0.63856455,0.063666275,0.058308076,0.25296143,0.000205394,22.219536,222.19386,0.036090186,0.03052525,0.027552172,0.018955346,0.21290906,1.37e-05,9.6157122,96.156459,0.030869645,0.018661315,0.00995383,0.007323976,0.072695062,5.53e-09,3.473887,34.738641,0.01041802,0.008389835,0.010715971,0.008164142,0.069027215,5.03e-12,3.7398746,37.398497,0.010217759,0.008936906,1.4706073,0.20556371,43.912289,0.000158698,513.24188,5132.3864,4.805154,1.3497246,,,0058
175, rois\0059-3.roi.h500, (red),2783,250.476,32.535994,32.436466,41.451286,24.59721,90547.664,81494.771,2.2870571,1.8542645,0.82459682,0.82472318,0.8676976,0.78454107,2294.8501,2065.415,0.012641646,0.011485674,28.375034,28.012922,59.350327,9.0087624,78967.742,71072.577,7.3346653,6.3993357,33.02516,32.493687,63.159512,13.512858,91908.906,82720.012,6.7091021,5.4885012,11.073758,10.876333,23.39731,2.8491743,30818.26,27737.077,2.8379406,2.5266641,255.99808,254.73535,359.19199,195.49475,712442.25,641213.09,24.002588,16.870287,12.23975,11.80311,34.471245,3.1415377,34063.156,30657.603,3.5429799,2.2840736,0.67881784,0.65744883,2.1075864,0.083541162,1889.1492,1700.274,0.23241735,0.19692843,2.6577272,2.4328623,10.488637,1.1975222,7396.4551,6656.9619,1.0322352,0.45823403,0.7858756,0.77738929,1.3635147,0.31637016,2187.0918,1968.4277,0.16166649,0.15238166,3.2992228,2.9435115,12.912958,1.6904736,9181.7295,8263.7526,1.1650336,0.63232689,0.03161433,0.028145388,0.16759846,3.0299999999999997e-30,87.982674,79.186226,0.02268653,0.021677436,0.81411582,0.80894536,1.4056891,0.43650848,2265.6851,2039.1626,0.14097194,0.13062485,1.1635343,0.8440997,19.997353,1.19e-10,3238.1177,2914.3712,1.541559,0.53105165,,,0059
178, rois\0060-4.roi.h500, (red),3088,277.92,8.7614507,8.3025694,49.046345,1.5620887,27055.398,24349.844,3.6141331,2.3655336,0.90093208,0.90054059,0.95425433,0.85110873,2782.0737,2503.8725,0.016325692,0.012718901,3.7529615,3.5451567,13.195522,0.012638595,11589.143,10430.239,2.0391713,1.8847018,5.3679477,5.0234013,30.92522,0.50438434,16576.217,14918.613,2.5330937,1.8916922,1.0030407,0.89258492,6.5872369,3.66e-08,3097.3884,2787.6529,0.66797848,0.58664591,19.485369,18.401777,41.591312,7.6229405,60170.75,54153.782,6.086239,2.3663756,7.6841276,7.6070943,13.311767,3.1603668,23728.576,21355.745,1.8574897,1.131704,0.27364636,0.26127613,0.8311708,0.001041384,845.02057,760.51858,0.13014339,0.1032294,0.86023941,0.41765296,15.05208,0.016645003,2656.4231,2390.7793,1.5700751,0.30586821,0.30077155,0.28445289,0.91637748,0.059296791,928.78247,835.90497,0.11763943,0.078494398,0.54272579,0.40967888,7.3560624,0.086100034,1675.9396,1508.3447,0.56266094,0.16507826,0.01281741,0.010425314,0.1437683,1.02e-12,39.580158,35.622174,0.011691569,0.010375361,0.06477723,0.061118249,0.26453555,1.97e-10,200.03215,180.02902,0.034573455,0.028367434,2.4671512,1.0335903,73.312546,0.13699389,7618.564,6856.7122,4.7948071,1.5754876,,,0060
182, rois\0061-4.roi.h500, (red),177,15.9304,21.736459,21.234257,38.133984,14.382124,3847.353,3462.6968,3.4296319,2.3180152,0.87627352,0.87547892,0.91206545,0.84056395,155.10045,139.59355,0.01306859,0.011937889,4.1049983,3.8728516,12.256921,0.20161766,726.58459,653.94112,2.1306515,2.0265604,5.7446048,5.4743595,13.899696,1.2279719,1016.7949,915.13639,2.234487,2.0295297,1.7378393,1.5577942,4.3520994,1.61e-05,307.59753,276.8441,0.94961481,0.90596086,25.186258,25.119736,37.127651,16.680265,4457.9673,4012.2622,3.6833741,3.0930587,9.476011,9.4166241,16.333128,5.4532428,1677.2538,1509.5629,1.5276715,1.4531971,0.48297247,0.48828244,0.96491855,0.1531003,85.486122,76.939267,0.16219393,0.15671126,12.699451,12.174067,22.538919,7.0291557,2247.803,2023.0686,3.4553869,1.6474261,0.49876356,0.47475466,0.92231333,0.14888805,88.281174,79.454844,0.12006208,0.11028048,0.21401219,0.21312688,0.42489377,0.072213419,37.880169,34.092919,0.070344372,0.06432868,0.042676823,0.040002968,0.13144258,2.73e-07,7.5537996,6.7985727,0.025733542,0.023205039,0.10803075,0.10758296,0.22919966,0.009824835,19.121443,17.20969,0.045826715,0.044778841,26.208935,24.289099,74.16629,17.36075,4638.98,4175.1784,8.1061613,3.9597697,,,0061
186, rois\0062-3.roi.h500, (red),5650,508.509,8.3988071,8.0943165,21.1182,-165.71832,47453.336,42708.726,3.5728995,2.0433781,0.8791762,0.87919456,0.92632616,0.83277214,4967.3384,4470.6939,0.013817848,0.012913911,4.680192,4.3380947,15.946404,0.003603698,26443.146,23799.218,2.4885582,2.1383109,7.2853226,6.7475443,23.764051,0.062559843,41162.039,37046.552,3.3599806,2.0977448,1.7866476,1.7020922,6.3156171,1.7e-05,10094.578,9085.2716,0.89038862,0.82651211,30.835244,30.447868,57.723705,12.690186,174219.09,156800.12,6.3663003,3.2923647,5.5703834,5.4914432,12.080355,1.4259998,31472.637,28325.925,1.4080022,1.0532091,0.1906668,0.18039227,0.63040936,0.000144494,1077.2667,969.55864,0.092966444,0.086916585,1.1717834,0.7575562,13.454351,0.12267952,6620.5728,5958.6293,1.4304568,0.2933085,0.2101624,0.20440879,0.62143236,0.023891732,1187.4186,1068.6956,0.073519144,0.064762539,0.53331146,0.34258872,6.9239044,0.040126108,3013.2,2711.939,0.67640208,0.21466218,0.012084066,0.009675494,0.12074255,6.49e-16,68.275009,61.448617,0.010610782,0.009928877,0.069178158,0.065460317,0.22941612,6.37e-08,390.85675,351.77746,0.033822398,0.029999128,0.74690566,0.46844578,39.667519,2.05e-05,4220.0215,3798.0857,1.5533571,0.31150997,,,0062
189, rois\0063-4.roi.h500, (red),901,81.0889,3.9368374,4.362905,15.622293,-1.4799833,3547.0901,3192.3363,2.9525566,2.9172417,0.89001165,0.88995218,0.93507749,0.84387749,801.90027,721.70023,0.014619545,0.013595042,0.42789966,0.10009249,3.4488759,0.000864136,385.53766,346.97892,0.59345628,0.54214664,0.40969828,0.19796422,3.5765152,0.002703547,369.1384,332.21963,0.4704461,0.43873487,0.39713484,0.31799072,2.0415206,1.9e-05,357.81863,322.03208,0.33570708,0.31823047,0.74223381,0.69358474,2.3759851,1.55e-08,668.75238,601.86888,0.42887813,0.40468521,0.21941858,0.18795036,0.91766208,1.22e-09,197.69595,177.924,0.17036943,0.15929341,0.024598316,0.009365599,0.147073,5.99e-08,22.163094,19.946492,0.028085557,0.027041756,0.084926621,0.075926006,0.31105137,0.000358775,76.518837,68.866022,0.053739922,0.050464186,0.063957799,0.059511729,0.2385907,0.000331861,57.625984,51.862645,0.035129963,0.033809496,0.024384105,0.021002343,0.11598076,1.41e-05,21.970087,19.772791,0.019551278,0.018739238,0.008712751,0.006455254,0.054775357,3.43e-10,7.8501906,7.0650697,0.008004563,0.007505952,0.014498755,0.012108972,0.064715706,2.96e-12,13.063387,11.756874,0.012615447,0.012012805,0.060141094,0.051085155,0.2936644,2.1e-07,54.18718,48.767723,0.045348181,0.04142463,,,0063
193, rois\0064-3.roi.h500, (red),1771,159.388,13.387093,12.516027,44.044525,4.7775626,23708.525,21337.455,4.6804334,2.820235,0.8719688,0.87199998,0.91583717,0.83369571,1544.2557,1389.8159,0.013359516,0.012696683,4.7494324,4.4176149,15.552076,0.035923142,8411.2432,7570.0377,2.5235943,2.2385778,5.8934583,5.0788736,33.088894,0.50427663,10437.313,9393.4807,3.5698315,2.2937422,2.0239987,1.8751962,9.2922373,0.011906384,3584.5007,3226.0163,1.0641862,0.9045844,37.943316,37.967117,62.233036,16.783388,67197.555,60477.191,7.7309632,3.7521276,10.676867,10.679818,19.585739,4.147501,18908.75,17017.673,2.6374725,1.5169437,0.31969584,0.30611446,0.98023236,0.009422473,566.18109,509.55764,0.13691991,0.1192948,2.1030348,1.4840375,13.899663,0.5163942,3724.4736,3351.9906,1.7343075,0.59714012,0.15882795,0.1552837,0.39930561,0.010179732,281.28442,253.1531,0.061177894,0.05726217,0.34102259,0.33024266,0.77043653,0.069411494,603.95099,543.54997,0.1087707,0.083899645,0.023473313,0.018932248,0.19724578,2e-14,41.571213,37.413705,0.021056144,0.016710527,0.047443247,0.043488923,0.21210201,1.42e-08,84.021996,75.618966,0.028986847,0.026003863,12.1629,8.9462166,75.501541,3.2643275,21540.477,19386.234,9.3624945,4.5983495,,,0064
196, rois\0065-2.roi.h500, (red),4115,370.353,4.2910108,4.4064522,20.646852,-1.9872308,17657.516,15891.892,2.9525848,2.8862231,0.88705562,0.88697523,0.93204772,0.83435583,3650.2295,3285.2382,0.013753703,0.013050563,0.41242622,0.095010102,4.6489382,0.001366698,1697.1322,1527.4334,0.58595393,0.53328567,0.37783305,0.16692498,3.0945776,0.000237179,1554.7804,1399.3165,0.44448898,0.40504321,0.38748958,0.30024332,2.6549623,7.44e-07,1594.5198,1435.0797,0.34197608,0.32276704,0.44003973,0.35409591,2.3237462,1.04e-10,1810.7629,1629.7009,0.36725162,0.27893951,0.071050041,0.014655699,0.80614084,1.28e-10,292.37091,263.13604,0.095510085,0.081868043,0.01893188,0.004965791,0.18234602,1.21e-08,77.90464,70.114806,0.02487789,0.023050428,0.078010566,0.071101367,0.50074053,3.89e-05,321.01352,288.91456,0.052622498,0.047040321,0.059127856,0.055373609,0.29014206,3.88e-05,243.31102,218.98186,0.034189576,0.03287403,0.022088558,0.019568803,0.12001397,5.06e-07,90.894333,81.805662,0.018624081,0.017683071,0.008763062,0.006370564,0.071885578,5.59e-11,36.059971,32.454272,0.008063551,0.007659188,0.011650404,0.009036998,0.069500238,3.21e-14,47.941456,43.147633,0.010835716,0.01028254,0.29491295,0.23481318,7.199883,2.57e-08,1213.5665,1092.2193,0.2727172,0.11658036,,,0065
200, rois\0066-2.roi.h500, (red),100,2500.01,2.4229448,0.46100616,11.911506,-3.5152555,242.29449,60573.799,2.8908981,2.9231259,0.56533259,0.56529361,0.58738279,0.54188949,56.533253,14133.356,0.008907781,0.00850114,0.36764555,0.087593026,4.7957277,0.00703585,36.764542,9191.1657,0.70457153,0.57088222,0.31334855,0.10606121,2.1705179,0.004676048,31.334862,7833.7367,0.417436,0.39649501,0.37085988,0.2410353,1.683007,1.67e-06,37.085987,9271.5242,0.37075584,0.35264823,0.15843104,0.10308482,0.97889316,2.67e-08,15.843106,3960.7876,0.18228425,0.16554995,0.026739624,0.006232531,0.24898025,0.000359336,2.6739624,668.49256,0.051684882,0.042150207,0.028316048,0.008954427,0.15669942,5.35e-05,2.8316054,707.90328,0.03358247,0.031688431,0.1215871,0.11982796,0.34268984,0.000830293,12.15871,3039.6863,0.070566374,0.068915889,0.099929332,0.086936496,0.27537447,0.000374427,9.9929352,2498.2406,0.053394488,0.052437348,0.030209095,0.026256312,0.095115878,0.000124834,3.0209093,755.22958,0.023379051,0.022643979,0.010686955,0.007825604,0.058618519,1.35e-07,1.0686954,267.17467,0.010965064,0.010069619,0.013573932,0.011809207,0.053918611,4.5e-09,1.3573936,339.34931,0.012606059,0.011596702,0.055802133,0.044965938,0.20387341,7.96e-07,5.5802121,1395.0574,0.043191904,0.041735758,,,0066
202, rois\0067-5.roi.h500, (red),1174,29349.9,3.1032753,1.5354991,22.683329,-8.9222546,3643.2449,910809.1,3.6846436,3.4378181,0.76742054,0.76752508,0.8060863,0.72372371,900.95154,225237.39,0.012617348,0.012175795,0.20914107,0.062221017,2.1845696,2.06e-07,245.53152,61382.756,0.3329912,0.29291921,0.079361502,0.016305683,1.729715,0.000769931,93.170502,23292.545,0.18192666,0.12242311,0.16135015,0.030632449,1.4054977,0.000266266,189.42506,47356.156,0.22403732,0.19090393,0.025313751,0.003685758,0.5832746,3.15e-07,29.718346,7429.5681,0.062450375,0.03562337,0.11632067,0.003343022,2.2372606,1.03e-05,136.56049,34140.035,0.30628884,0.067034667,0.014091112,0.003327906,0.12631403,6.96e-08,16.542969,4135.7313,0.019562369,0.018159901,0.067933626,0.059357751,1.5134749,2.23e-05,79.754044,19938.472,0.067109949,0.044778552,0.051638547,0.048647627,0.16569744,2.93e-05,60.62365,15155.877,0.028354725,0.027276439,0.015750246,0.014316635,0.069855094,2.5e-07,18.490793,4622.6862,0.013637711,0.012863671,0.005452213,0.003295968,0.049978189,1.29e-10,6.4009018,1600.2207,0.005777527,0.005371312,0.00462818,0.002182407,0.058120731,5.2e-12,5.4334822,1358.3675,0.006024894,0.005188672,0.029541471,0.022093076,0.72174203,1.04e-08,34.681698,8670.4009,0.03793896,0.0244212,,,0067
207, rois\0068-4.roi.h500, (red),295,7374.97,2.9403218,1.1947691,18.878513,-3.8429499,867.39484,216847.99,3.4688326,3.3752505,0.7725549,0.77187943,0.81307095,0.736377,227.90372,56975.728,0.013282279,0.012893985,0.21134156,0.059804887,2.0520549,1.52e-07,62.345753,15586.386,0.34969659,0.28981946,0.06225707,0.014716709,1.235726,0.001828088,18.365835,4591.4431,0.14923599,0.10641753,0.16515812,0.021956813,1.2098795,0.001195946,48.721661,12180.369,0.22220685,0.20699662,0.019535015,0.003235526,0.59131932,0.000339213,5.7628303,1440.7024,0.054433636,0.029750858,0.027836307,0.003103238,0.51047409,0.000363124,8.21171,2052.9205,0.058386078,0.039356179,0.014404639,0.003661692,0.11184169,3.04e-06,4.2493696,1062.3385,0.019444299,0.018378524,0.060732026,0.057992723,0.20189266,0.000263016,17.915953,4478.9715,0.039771548,0.038148415,0.052833042,0.049697928,0.15846756,0.000118363,15.585752,3896.4234,0.029863639,0.028657026,0.014198289,0.01265683,0.071993805,1.42e-06,4.1884966,1047.1202,0.01353124,0.012888599,0.005547156,0.003453102,0.03035233,1.09e-09,1.6364101,409.10131,0.005811034,0.005311594,0.00463042,0.002286845,0.031396091,5.61e-11,1.3659742,341.49232,0.005476291,0.00504331,0.024950605,0.021005355,0.10982469,5.24e-13,7.3604264,1840.1008,0.01995678,0.019445305,,,0068
211, rois\0069-4.roi.h500, (red),319,7975.02,2.2627208,0.21051168,15.904593,-3.779459,721.80817,180452.51,3.5511249,3.4093767,0.76899135,0.77626193,0.80539769,0.0,245.30823,61327.237,0.075734969,0.019170379,0.18801358,0.063239075,1.9987856,0.0,59.976318,14994.127,0.28402507,0.23798129,0.064930408,0.015848106,0.96657789,0.0,20.712805,5178.2149,0.14218805,0.10466167,0.16657747,0.040850319,1.0797943,0.0,53.138206,13284.591,0.20873626,0.19295441,0.012931445,0.003360875,0.24522732,0.0,4.1251321,1031.2857,0.034015479,0.022684664,0.009536817,0.002834842,0.25333574,0.0,3.0422447,760.56337,0.02447522,0.016040137,0.015525795,0.004663759,0.1007228,0.0,4.9527278,1238.1857,0.02015849,0.019091242,0.083419407,0.075530998,0.26368701,0.0,26.61079,6652.7168,0.048610875,0.046199208,0.065910341,0.062796757,0.17938565,0.0,21.025404,5256.3648,0.033449417,0.031891538,0.029423334,0.027687687,0.091796204,0.0,9.3860455,2346.5176,0.018411446,0.01805234,0.005261189,0.003068552,0.029878739,0.0,1.6783192,419.58099,0.005754,0.005389679,0.003748044,0.00195245,0.023335896,0.0,1.1956259,298.90737,0.004695784,0.004344925,0.024307189,0.019234307,0.12791298,0.0,7.7539916,1938.5039,0.021793901,0.019452204,,,0069
215, rois\0070-5.roi.h500, (red),223,5574.98,3.286469,1.5022576,19.387215,-3.4564257,732.88269,183220.0,3.4531313,3.2434759,0.78253293,0.78248388,0.81335157,0.75072467,174.50484,43626.058,0.012237602,0.011906241,0.33222979,0.098183915,1.8743517,1.83e-06,74.087234,18521.746,0.44158056,0.40962129,0.14135704,0.022210617,1.1930307,0.000158025,31.522629,7880.6275,0.25266915,0.22236383,0.17837413,0.052694652,0.91873413,0.001426609,39.777431,9944.323,0.20513494,0.19331888,0.078839427,0.008205999,0.50789315,0.000201252,17.581192,4395.2827,0.11241776,0.097779313,0.030029618,0.003220684,0.31471905,0.00019713,6.6966052,1674.1453,0.051050469,0.045566823,0.01465922,0.003837285,0.080420904,4.88e-07,3.269007,817.24864,0.019194315,0.017808802,0.087144025,0.082207181,0.26348829,0.000376028,19.433117,4858.2624,0.048356794,0.047014439,0.067556182,0.065135606,0.15102689,0.004229944,15.065025,3766.2439,0.03025193,0.029359263,0.029197169,0.026816929,0.12018491,8.44e-05,6.5109682,1627.7365,0.019989772,0.018378243,0.005667723,0.003548221,0.027603889,3.99e-10,1.2639022,315.97443,0.005590485,0.005205397,0.004384641,0.002923105,0.029967221,6.5e-10,0.97777498,244.44288,0.004986248,0.004544694,0.024354904,0.021976013,0.098143168,3.71e-08,5.4311442,1357.7811,0.018544576,0.017798119,,,0070
220, rois\0071-5.roi.h500, (red),740,18500.1,2.3920903,0.19304752,17.705418,-4.8193812,1770.1472,442538.67,3.8671344,3.8327837,0.77855821,0.77802199,0.81888109,0.74060154,576.133,144033.91,0.014014849,0.013611001,0.14459474,0.029524563,1.7017217,1.32e-06,107.00011,26750.146,0.25198938,0.2052858,0.052723214,0.014566846,1.2411691,0.001888355,39.015186,9753.8379,0.12654069,0.094446132,0.10629228,0.013164628,1.1283995,0.000995357,78.656281,19664.159,0.17376324,0.15237901,0.017202033,0.003356725,0.34273359,0.000208159,12.729512,3182.3902,0.041987228,0.030657483,0.017029827,0.002803062,0.31108305,0.000166319,12.602068,3150.532,0.037147543,0.029566917,0.016599338,0.003990611,0.12110628,2.66e-08,12.283511,3070.8912,0.021673863,0.020227472,0.083147694,0.078264937,0.24812306,2.63e-06,61.529308,15382.392,0.045199612,0.043609431,0.065919288,0.06464655,0.17572671,0.000137796,48.780308,12195.122,0.03026985,0.029374487,0.027577001,0.024571322,0.10477737,4.27e-06,20.406979,5101.7679,0.01865224,0.018039168,0.005412197,0.002924221,0.033843383,1.52e-09,4.0050249,1001.2608,0.006168866,0.005794605,0.004476254,0.002449941,0.031582683,1.18e-13,3.3124251,828.11057,0.005318936,0.005005184,0.026175291,0.021151606,0.12280272,5.1e-09,19.369726,4842.4503,0.022744264,0.021917189,,,0071
225, rois\0073-4.roi.h500, (red),378,377.997,2.7555535,0.29575229,17.449135,0.044447184,1041.599,10415.923,4.4078621,4.3885565,0.77896435,0.77874815,0.82596487,0.74087596,294.44855,2944.4658,0.012023553,0.011633281,0.26321439,0.047556132,1.9578652,0.001241267,99.495041,994.9438,0.39316431,0.35318623,0.2308639,0.036388583,1.854584,0.002008528,87.266556,872.65977,0.32588203,0.28310746,0.10135009,0.015592816,0.96311861,0.000703392,38.310322,383.1008,0.16864039,0.14187291,0.30693134,0.28032243,1.4138398,4.82e-06,116.02007,1160.1928,0.23857366,0.20532204,0.29322226,0.23985684,1.01858,4.5e-05,110.83799,1108.3728,0.23016381,0.14487342,0.020305025,0.006080294,0.12940259,1.28e-06,7.6752963,76.752487,0.024356385,0.022543942,0.079760198,0.070718817,0.25552186,0.000162334,30.149355,301.49155,0.049305243,0.043431072,0.053516289,0.049939357,0.13647404,0.000748582,20.229156,202.29023,0.027606957,0.026738086,0.019360204,0.016133763,0.098347597,1.43e-08,7.3181515,73.181086,0.016943945,0.015094797,0.005217147,0.003217568,0.029789768,6.47e-09,1.9720821,19.720684,0.00530203,0.00483668,0.00733709,0.005236576,0.05132008,1.07e-10,2.773421,27.734017,0.00778315,0.00655802,0.031238364,0.02645978,0.15222487,2.95e-08,11.808098,118.08023,0.025625065,0.02354412,,,0073
229, rois\0074-4.roi.h500, (red),864,863.994,3.3716408,1.4168501,18.076485,-2.7599573,2913.0974,29130.785,3.48098,3.3575505,0.77332919,0.77329415,0.81215477,0.60732985,668.15649,6681.5203,0.014334913,0.012912848,0.22219188,0.064667776,2.5201275,6.87e-08,191.97385,1919.7252,0.34203076,0.30103528,0.064313382,0.01585537,0.91361666,0.000691687,55.566738,555.66397,0.1356699,0.099924656,0.17240104,0.030631004,2.0024443,0.000650876,148.95447,1489.5352,0.22909955,0.20828987,0.029660099,0.003847697,0.4106932,1.89e-05,25.626305,256.26157,0.061465261,0.047930906,0.03149912,0.003315117,0.40620658,0.000303806,27.215263,272.15061,0.059162653,0.045024102,0.014341399,0.003298105,0.10855174,1.92e-06,12.390965,123.90887,0.019012673,0.017627301,0.060181251,0.056299109,0.21612346,6.93e-05,51.996586,519.9626,0.038985071,0.037742726,0.049310997,0.047265243,0.14212102,9.86e-05,42.604694,426.04421,0.027594265,0.026641047,0.015008055,0.013993903,0.063633636,2.32e-06,12.966956,129.66874,0.013320431,0.012712345,0.005371635,0.003483347,0.039466716,8.07e-10,4.6410913,46.410625,0.005480428,0.005058134,0.004376069,0.002131225,0.041802965,2.31e-11,3.780921,37.808985,0.005375792,0.004972426,0.02582542,0.021876767,0.16705756,3.93e-10,22.31315,223.13017,0.02051814,0.019320926,,,0074
233, rois\0075-4.roi.h500, (red),405,405.0,3.6853029,1.9280612,19.553303,-1.324439,1492.5481,14925.468,3.2643384,3.2000258,0.77301408,0.77348071,0.81759191,0.73568636,313.07062,3130.7051,0.013243968,0.01299772,0.22056521,0.063521728,2.1853313,3.64e-07,89.328888,893.28854,0.34155204,0.28828593,0.11572925,0.020278219,1.2028717,0.002711667,46.870323,468.7032,0.217073,0.17455648,0.16802652,0.028215276,1.2551521,0.000917451,68.050728,680.50701,0.22459373,0.20868622,0.076567782,0.005712038,0.75177419,5.62e-05,31.009956,310.09933,0.11783174,0.081592764,0.038122573,0.003552177,0.40112707,7.94e-05,15.439644,154.39633,0.064823507,0.048692195,0.017287854,0.004995251,0.10608246,9.75e-07,7.0015821,70.015766,0.02155063,0.020510894,0.083279788,0.080805026,0.25143149,0.000296751,33.72831,337.28294,0.045143659,0.043556843,0.06705383,0.064614967,0.18485132,0.000168999,27.156818,271.56785,0.033146181,0.031954542,0.03022438,0.027756194,0.11753759,1.56e-05,12.240871,122.40866,0.019975974,0.019193831,0.005546977,0.003020078,0.030856133,3.93e-10,2.2465248,22.465242,0.005939066,0.005601877,0.004725888,0.002615277,0.026337305,9e-11,1.9139847,19.139836,0.005299275,0.004953866,0.030534372,0.025156284,0.17425989,1.29e-09,12.36642,123.66413,0.024886156,0.023270993,,,0075
237, rois\0076-4.roi.h500, (red),315,315.001,3.6434102,1.7647982,17.148745,-3.5328865,1147.674,11476.768,3.4606034,3.3525893,0.76413204,0.76366317,0.80710655,0.71776503,240.70157,2407.0213,0.016503799,0.013137003,0.37900972,0.14561446,2.0779653,6.31e-07,119.38808,1193.8833,0.47440331,0.43824256,0.21291235,0.027360173,1.7429681,0.002253548,67.067383,670.67538,0.31821797,0.27573612,0.16404751,0.023083219,1.2218217,0.000204883,51.674965,516.75081,0.22957617,0.21344404,0.17692647,0.14160857,1.6853865,0.000199522,55.731846,557.31963,0.20892654,0.16305902,0.042475818,0.003924063,0.36273986,8.83e-06,13.379885,133.79912,0.066603812,0.057557323,0.017133496,0.004957801,0.10090712,4.11e-07,5.3970509,53.970631,0.021425127,0.019753575,0.084946188,0.078824878,0.24672118,0.00014134,26.758047,267.58109,0.044227898,0.041485374,0.067722263,0.066234849,0.17037034,0.002638463,21.332512,213.3256,0.03183141,0.030987333,0.032779844,0.029417936,0.10250023,8.09e-05,10.325652,103.25674,0.021231222,0.020954738,0.00472093,0.002531892,0.042760991,9.47e-10,1.4870923,14.870963,0.005593047,0.004992858,0.004459842,0.002368132,0.031859685,1.58e-10,1.4048499,14.048533,0.005340256,0.004947029,0.02484853,0.021618428,0.10667642,8.67e-09,7.8272882,78.273043,0.02017152,0.018678094,,,0076
241, rois\0077-4.roi.h500, (red),69,69.0014,2.0664516,0.29828548,12.280244,-3.3637643,142.58517,1425.8811,3.2849399,3.126877,0.75765185,0.75707901,0.78282827,0.73485452,52.277981,522.79058,0.009375372,0.008837848,0.20266433,0.040838569,1.3414834,1.66e-05,13.983839,139.84128,0.32436863,0.29019472,0.15474629,0.022750894,0.64486921,0.003299607,10.677493,106.77715,0.23687304,0.2035198,0.19593013,0.03743704,1.192531,0.001542393,13.519179,135.19458,0.28659363,0.2504394,0.25398472,0.22189395,1.2521377,0.001328674,17.524944,175.25308,0.23435297,0.18272763,0.11264958,0.078979321,0.80393016,7.42e-05,7.7728219,77.729815,0.14152988,0.11923104,0.019659769,0.004411459,0.095119104,1.21e-06,1.3565242,13.565521,0.024117102,0.02195139,0.096926144,0.089242935,0.24890321,0.003258043,6.6879044,66.880422,0.050939812,0.047804669,0.07011098,0.06754455,0.15691309,0.00247667,4.837656,48.377576,0.032866693,0.031073254,0.027990373,0.024380792,0.087401256,5.47e-06,1.9313359,19.313757,0.017986456,0.01691509,0.005772601,0.003035074,0.033335451,2.94e-08,0.39830944,3.9831772,0.006927773,0.006134067,0.004973566,0.002658699,0.032093503,1.83e-08,0.34317604,3.4318311,0.005859542,0.005054019,0.023639194,0.015494628,0.087280422,1.44e-07,1.6311044,16.311381,0.023050908,0.022146037,,,0077
245, rois\0078-1-BG.roi.h500, (red),686,61.7458,2.2525973,0.19828677,18.021786,-4.6954751,1545.2816,1390.8835,3.6709585,3.5520252,0.75680979,0.75663716,0.80264246,0.71872306,519.17194,467.29803,0.012707555,0.012254801,0.34861474,0.12419451,2.8583598,2.59e-06,239.1497,215.25486,0.47464245,0.44473885,0.14700654,0.020693094,1.4190291,0.000352458,100.8465,90.770319,0.24904151,0.2206992,0.17623592,0.029870326,1.2696131,0.00070626,120.89778,108.81822,0.23793856,0.22179699,0.10498861,0.055251591,0.72879058,2.42e-06,72.022148,64.826023,0.12522276,0.11392806,0.041562541,0.004156071,0.43217394,4.05e-06,28.511896,25.663111,0.061290075,0.057401287,0.018040559,0.005151548,0.10422707,1.52e-08,12.375824,11.139282,0.021676953,0.02068662,0.084203286,0.079543136,0.2484483,0.000205421,57.763454,51.991967,0.04621937,0.044278207,0.068465556,0.066854216,0.19291769,0.000234574,46.9674,42.274584,0.032772372,0.031663125,0.032340306,0.029989989,0.10332684,4.1e-05,22.185446,19.968771,0.020382412,0.019497634,0.005144573,0.002907732,0.03496531,1.35e-11,3.5291753,3.176556,0.005634384,0.005238022,0.004793822,0.002432424,0.031097636,1.26e-11,3.2885602,2.9599824,0.005743694,0.0053521,0.026165435,0.020929052,0.10992738,1.31e-10,17.949486,16.156049,0.021747779,0.020632164,,,0078
246, rois\0079-1-BG1x1.roi.h500, (red),720,720.016,2.1599901,0.19494891,16.314787,-4.7122717,1555.1931,15552.27,3.4470091,3.3554675,0.75624175,0.75648075,0.79243988,0.72383076,544.4939,5445.0601,0.011978176,0.011601586,0.43028227,0.17011066,3.2451394,7.91e-07,309.80331,3098.1003,0.55493699,0.48333056,0.16895954,0.021519477,1.6342187,8.08e-05,121.65092,1216.5354,0.27648782,0.23022481,0.16974761,0.033975728,1.1585236,0.000133943,122.21829,1222.2097,0.21915282,0.20404101,0.13086037,0.097351372,1.2022039,1.99e-05,94.219505,942.21538,0.15205556,0.1240216,0.04675553,0.004645375,0.54478014,5.69e-07,33.663979,336.64721,0.073044559,0.061802959,0.020097286,0.007597578,0.12524825,2.45e-07,14.470043,144.70363,0.02299353,0.022355405,0.083872635,0.07704781,0.40491968,0.000101445,60.388317,603.89623,0.047269619,0.045451792,0.067965762,0.065574549,0.17821275,0.001500662,48.935371,489.36423,0.03151189,0.030309243,0.031815262,0.029465843,0.12143403,6.02e-09,22.906984,229.07492,0.019967092,0.018952331,0.005342087,0.002912856,0.033006929,2.08e-09,3.8463025,38.463867,0.005830796,0.005426806,0.004576368,0.002630783,0.048611864,2.8e-11,3.2949848,32.950572,0.005500197,0.004942884,0.026816264,0.021401318,0.15818617,1.59e-10,19.307718,193.08134,0.023210762,0.021332068,,,0079
247, rois\0080-2.roi.h500, (red),215,19.3518,7.5971059,7.517612,15.564066,2.3544252,1633.3773,1470.1732,2.1270526,1.9554926,0.74667261,0.74536383,0.78454334,0.71600688,160.53464,144.49424,0.013560714,0.013416392,13.101793,12.894703,26.589445,4.7506604,2816.886,2535.4266,4.0752126,3.5362117,7.6138372,7.5013394,13.128836,2.8180811,1636.9755,1473.411,2.0138042,1.8992358,0.45149391,0.4245432,1.6969275,0.000276914,97.07119,87.371988,0.36380561,0.3498792,0.43387753,0.39205036,1.4843328,0.003741286,93.283669,83.96291,0.26343995,0.24914704,3.6625452,3.6379986,5.6666999,1.6079274,787.44727,708.76671,0.77536252,0.71640802,0.11562759,0.10969727,0.36529601,0.000276876,24.859932,22.375965,0.068731254,0.066940821,7.4593519,7.3939052,10.637414,4.6087193,1603.7611,1443.5154,1.1268368,0.77734116,0.10566935,0.097825915,0.28880829,0.007758266,22.71891,20.448871,0.045532462,0.043604637,0.10458536,0.10188109,0.21766511,0.017525904,22.485853,20.239101,0.042369449,0.040961649,0.009539398,0.007494142,0.053848252,5.5e-11,2.0509703,1.8460408,0.008789918,0.008243338,0.23919796,0.24256064,0.41852295,0.11625288,51.427544,46.288999,0.051677679,0.048698797,0.69664016,0.69291556,1.234625,0.23257509,149.77768,134.81208,0.21046882,0.19038425,,,0080
249, rois\0081-2.roi.h500, (red),198,17.82,4.9821101,4.7432423,13.999664,0.65748692,986.45782,887.81239,2.0014361,1.8891456,0.74699556,0.74652785,0.7838428,0.72067904,147.90517,133.11466,0.012233223,0.012122869,3.6404258,3.5309882,9.0439224,0.19776823,720.80414,648.72415,1.7250805,1.6337684,4.9014724,4.7397618,10.954651,1.5194083,970.49188,873.44275,1.7818323,1.4654202,1.228422,1.2259536,3.0225639,0.008862496,243.22758,218.90489,0.65027008,0.60017175,15.460499,15.299289,20.931147,10.951056,3061.1794,2755.062,2.010219,1.7457789,4.6746004,4.5989227,8.299037,2.3501534,925.57104,833.01414,1.0840362,0.75420179,0.091023665,0.081205375,0.28462064,0.000545941,18.022688,16.220424,0.057490529,0.055983,0.21543803,0.20424128,0.52548587,0.052219465,42.656734,38.391072,0.084084171,0.074320587,0.084893443,0.080123127,0.23711896,0.018977167,16.808908,15.128018,0.038907186,0.036027588,0.28704292,0.25178254,1.9227263,0.098249264,56.834503,51.151069,0.18999836,0.12012548,0.007535526,0.005629403,0.034269251,1.57e-10,1.492034,1.3428313,0.006878652,0.006396381,0.067626445,0.064431056,0.20820978,0.000103783,13.39004,12.051037,0.029867367,0.026468587,0.072512157,0.061740335,0.229518,9.56e-09,14.357407,12.921672,0.049320034,0.046881817,,,0081
251, rois\0082-3.roi.h500, (red),25,2.24986,15.728509,14.364892,30.139685,9.4606991,393.21274,353.87018,4.9975059,4.1910045,0.73768082,0.73716635,0.76163262,0.72411394,18.442022,16.596821,0.009954496,0.010714981,14.298878,14.555777,21.655548,7.8779831,357.47195,321.70543,3.6219616,3.6206232,23.816443,23.805056,33.223705,17.845915,595.41107,535.83777,4.2932599,3.4824864,3.2928282,3.1901045,5.5798063,0.92886674,82.320709,74.084183,0.91663941,0.84370438,49.720458,49.953564,57.661072,41.93124,1243.0114,1118.6431,3.7903182,3.3711165,10.727933,10.660961,14.745775,7.0177817,268.19833,241.364,1.7527032,1.443514,0.19863187,0.19818538,0.37152368,0.033388004,4.9657974,4.4689487,0.090166255,0.087415564,0.43409167,0.39725628,0.86698538,0.11751206,10.852292,9.7664758,0.14584073,0.13445401,0.13791131,0.13431703,0.24519365,0.053542022,3.4477825,3.102818,0.042019316,0.039641245,3.5444423,2.8275588,8.8477345,0.59687877,88.611053,79.745159,2.498067,2.0392513,0.00895387,0.007453339,0.028435357,4.77e-07,0.22384676,0.20144997,0.008208208,0.008068476,0.16845879,0.16780502,0.28140572,0.094375692,4.2114697,3.7900951,0.05033803,0.049488713,0.043378808,0.037940234,0.1134138,3.82e-07,1.0844703,0.97596453,0.03688688,0.037674473,,,0082
254, rois\0083-4.roi.h500, (red),108,9.72091,11.119561,10.575229,21.788519,6.0920119,1200.9126,1080.9223,3.1711493,2.6702564,0.7395843,0.73942089,0.7728495,0.71133232,79.875107,71.894311,0.011809615,0.011408758,29.570424,29.559748,42.206829,16.587696,3193.6055,2874.5138,5.1368307,4.8408872,27.244582,26.369169,44.457718,17.917887,2942.4153,2648.4208,5.2279736,4.5253334,1.899122,1.8162338,4.7354875,0.10625364,205.10521,184.6119,0.92126268,0.87487431,49.596808,49.176624,61.643768,40.244343,5356.4551,4821.2601,4.647259,3.8042794,6.8973433,6.7902288,11.03766,2.4247434,744.91321,670.4844,1.8696309,1.2344498,0.1582503,0.14929394,0.35220098,0.017212054,17.091032,15.383366,0.076546756,0.07136248,0.79805772,0.75758243,1.7065285,0.27960649,86.190224,77.578458,0.3116084,0.24414162,0.31598674,0.31228489,0.51187903,0.12595981,34.126564,30.716781,0.076827403,0.075185169,0.58285571,0.57224464,0.94806117,0.36328733,62.948421,56.658869,0.10119163,0.086291249,0.010680764,0.008593135,0.046733595,3.34e-13,1.1535226,1.0382673,0.009597777,0.008839732,0.11449648,0.10723139,0.23419473,0.034649774,12.365622,11.130098,0.04368966,0.041889073,3.6358443,2.3828754,17.10331,0.46826053,392.6712,353.43708,3.5450775,2.5833606,,,0083
258, rois\0084-4.roi.h500, (red),89,8.00952,15.597408,15.501297,22.333294,8.2173233,1388.1694,1249.2771,3.2401473,2.4485576,0.7335047,0.73368603,0.76158446,0.71085405,65.281921,58.750188,0.010535783,0.010271299,12.200113,12.348142,21.749434,3.1607406,1085.8099,977.17017,3.7159042,3.4459813,18.610652,17.455601,28.806974,8.7529593,1656.348,1490.6235,4.5743959,3.9386828,1.8040001,1.6199387,4.7698941,0.29663542,160.55602,144.4917,0.90417304,0.8390951,50.201811,49.052135,63.62616,41.329643,4467.9609,4020.9229,4.5806894,3.6336839,3.3231026,3.2484839,5.9174314,0.77292681,295.75616,266.16449,1.0566317,0.97500212,0.29215561,0.27035934,0.58094382,0.056767721,26.001846,23.400255,0.12704287,0.12542084,0.31618333,0.31352666,0.55938369,0.089221999,28.140318,25.32476,0.10882148,0.10383669,0.10875543,0.10564916,0.26552743,0.017466962,9.6792336,8.7107853,0.050856254,0.048188341,5.1087835,5.4965434,9.0578232,1.1688631,454.6817,409.18892,2.0286627,0.99514224,0.011143862,0.007825763,0.04730586,9.5e-07,0.99180377,0.89256961,0.009724672,0.009159143,0.10745934,0.10410837,0.22723031,0.027140981,9.5638819,8.6069748,0.038995027,0.038222644,0.057502208,0.048883021,0.17020173,1.73e-15,5.1176968,4.6056495,0.042974793,0.042668089,,,0084
262, rois\0085-3.roi.h500, (red),49,4.40984,22.076522,21.100204,33.366661,16.628248,1081.7496,973.54018,4.1355612,3.1843872,0.72006378,0.72056741,0.750646,0.701895,35.283119,31.753689,0.011083565,0.010747977,35.093898,35.91959,46.381218,21.171097,1719.6007,1547.5861,6.8252717,6.7389217,61.696298,60.044113,78.031647,45.692375,3023.1182,2720.7104,7.5748155,7.1657522,5.2152029,5.0790377,8.0809679,2.5227008,255.54497,229.98231,1.322231,1.365213,113.64467,112.68587,130.80684,100.27893,5568.5889,5011.5525,7.5820116,7.2387632,13.634783,13.600022,21.004351,8.6105814,668.10437,601.27265,2.7815258,2.2878686,0.46867188,0.4414492,0.80451912,0.22132815,22.96492,20.667698,0.14517141,0.14988698,1.3387309,1.3762412,1.8142877,0.93790942,65.597816,59.035942,0.22857699,0.23260367,0.17075454,0.17436251,0.31933653,0.046780791,8.366972,7.5300086,0.061860061,0.060737387,3.7355624,3.0320761,11.643037,0.64620417,183.04259,164.73247,2.8753021,2.0420293,0.015258711,0.009950014,0.064631052,6.18e-12,0.74767685,0.67288535,0.014837547,0.014357904,0.20868701,0.20133179,0.42224917,0.094148308,10.225664,9.2027716,0.061181122,0.053828593,0.11798534,0.099063955,0.30901486,4.37e-07,5.7812819,5.2029695,0.076973713,0.076038982,,,0085
